station,year,month,longitude,latitude,depth,replicate
LK,2015,apr,-81.413,24.538,SUR,A
LK,2015,apr,-81.413,24.538,SUR,B
LK,2015,apr,-81.413,24.538,SUR,C
LK,2015,apr,-81.413,24.538,BOT,A
LK,2015,apr,-81.413,24.538,BOT,B
LK,2015,apr,-81.413,24.538,BOT,C
WS,2015,apr,-81.717,24.478,SUR,A
WS,2015,apr,-81.717,24.478,SUR,B
WS,2015,apr,-81.717,24.478,SUR,C
WS,2015,apr,-81.717,24.478,BOT,A
WS,2015,apr,-81.717,24.478,BOT,B
WS,2015,apr,-81.717,24.478,BOT,C
30,2015,apr,-82.210,25.402,SUR,A
30,2015,apr,-82.210,25.402,SUR,B
30,2015,apr,-82.210,25.402,SUR,C
30,2015,apr,-82.210,25.402,BOT,A
30,2015,apr,-82.210,25.402,BOT,B
30,2015,apr,-82.210,25.402,BOT,C
41,2015,apr,-81.575,25.733,SUR,A
41,2015,apr,-81.575,25.733,SUR,B
41,2015,apr,-81.575,25.733,SUR,C
48,2015,apr,-81.330,25.583,SUR,A
48,2015,apr,-81.330,25.583,SUR,B
48,2015,apr,-81.330,25.583,SUR,C
54,2015,apr,-81.153,25.345,SUR,A
54,2015,apr,-81.153,25.345,SUR,B
54,2015,apr,-81.153,25.345,SUR,C
57,2015,apr,-81.265,25.352,SUR,A
57,2015,apr,-81.265,25.352,SUR,B
57,2015,apr,-81.265,25.352,SUR,C
57.2,2015,apr,-81.490,25.352,SUR,A
57.2,2015,apr,-81.490,25.352,SUR,B
57.2,2015,apr,-81.490,25.352,SUR,C
65,2015,apr,-81.093,25.102,SUR,A
65,2015,apr,-81.093,25.102,SUR,B
65,2015,apr,-81.093,25.102,SUR,C
MR,2015,jun,-80.380,25.010,SUR,A
MR,2015,jun,-80.380,25.010,SUR,B
MR,2015,jun,-80.380,25.010,SUR,C
MR,2015,jun,-80.380,25.010,BOT,A
MR,2015,jun,-80.380,25.010,BOT,B
MR,2015,jun,-80.380,25.010,BOT,C
LK,2015,jun,-81.413,24.538,SUR,A
LK,2015,jun,-81.413,24.538,SUR,B
LK,2015,jun,-81.413,24.538,SUR,C
LK,2015,jun,-81.413,24.538,BOT,A
LK,2015,jun,-81.413,24.538,BOT,B
LK,2015,jun,-81.413,24.538,BOT,C
WS,2015,jun,-81.717,24.478,BOT,A
WS,2015,jun,-81.717,24.478,BOT,B
WS,2015,jun,-81.717,24.478,BOT,C
WS,2015,jun,-81.717,24.478,BOT,A
WS,2015,jun,-81.717,24.478,BOT,B
WS,2015,jun,-81.717,24.478,BOT,C
30,2015,jun,-82.210,25.402,SUR,A
30,2015,jun,-82.210,25.402,SUR,B
30,2015,jun,-82.210,25.402,SUR,C
30,2015,jun,-82.210,25.402,BOT,A
30,2015,jun,-82.210,25.402,BOT,B
30,2015,jun,-82.210,25.402,BOT,C
41,2015,jun,-81.575,25.733,SUR,A
41,2015,jun,-81.575,25.733,SUR,B
41,2015,jun,-81.575,25.733,SUR,C
48,2015,jun,-81.330,25.583,SUR,A
48,2015,jun,-81.330,25.583,SUR,B
48,2015,jun,-81.330,25.583,SUR,C
54,2015,jun,-81.153,25.345,SUR,A
54,2015,jun,-81.153,25.345,SUR,B
54,2015,jun,-81.153,25.345,SUR,C
57,2015,jun,-81.265,25.352,SUR,A
57,2015,jun,-81.265,25.352,SUR,B
57,2015,jun,-81.265,25.352,SUR,C
57.2,2015,jun,-81.490,25.352,SUR,A
57.2,2015,jun,-81.490,25.352,SUR,B
57.2,2015,jun,-81.490,25.352,SUR,C
65,2015,jun,-81.093,25.102,SUR,A
65,2015,jun,-81.093,25.102,SUR,B
65,2015,jun,-81.093,25.102,SUR,C
MR,2015,sep,-80.380,25.010,SUR,A
MR,2015,sep,-80.380,25.010,SUR,B
MR,2015,sep,-80.380,25.010,SUR,C
MR,2015,sep,-80.380,25.010,BOT,A
MR,2015,sep,-80.380,25.010,BOT,B
MR,2015,sep,-80.380,25.010,BOT,C
LK,2015,sep,-81.413,24.538,SUR,A
LK,2015,sep,-81.413,24.538,SUR,B
LK,2015,sep,-81.413,24.538,SUR,C
LK,2015,sep,-81.413,24.538,BOT,A
LK,2015,sep,-81.413,24.538,BOT,B
LK,2015,sep,-81.413,24.538,BOT,C
WS,2015,sep,-81.717,24.478,BOT,A
WS,2015,sep,-81.717,24.478,BOT,B
WS,2015,sep,-81.717,24.478,BOT,C
30,2015,sep,-82.210,25.402,SUR,A
30,2015,sep,-82.210,25.402,SUR,B
30,2015,sep,-82.210,25.402,SUR,C
30,2015,sep,-82.210,25.402,BOT,A
30,2015,sep,-82.210,25.402,BOT,B
30,2015,sep,-82.210,25.402,BOT,C
41,2015,sep,-81.575,25.733,SUR,A
41,2015,sep,-81.575,25.733,SUR,B
41,2015,sep,-81.575,25.733,SUR,C
49,2015,sep,-81.292,25.583,SUR,A
49,2015,sep,-81.292,25.583,SUR,B
49,2015,sep,-81.292,25.583,SUR,C
54,2015,sep,-81.153,25.345,SUR,A
54,2015,sep,-81.153,25.345,SUR,B
54,2015,sep,-81.153,25.345,SUR,C
57,2015,sep,-81.265,25.352,SUR,A
57,2015,sep,-81.265,25.352,SUR,B
57,2015,sep,-81.265,25.352,SUR,C
57.2,2015,sep,-81.490,25.352,SUR,A
57.2,2015,sep,-81.490,25.352,SUR,B
57.2,2015,sep,-81.490,25.352,SUR,C
58,2015,sep,-81.653,25.167,SUR,A
58,2015,sep,-81.653,25.167,SUR,B
58,2015,sep,-81.653,25.167,SUR,C
64,2015,sep,-81.157,25.167,SUR,A
64,2015,sep,-81.157,25.167,SUR,B
64,2015,sep,-81.157,25.167,SUR,C
68,2015,sep,-81.167,24.930,SUR,A
68,2015,sep,-81.167,24.930,SUR,B
68,2015,sep,-81.167,24.930,SUR,C
MR,2015,nov,-80.380,25.010,SUR,A
MR,2015,nov,-80.380,25.010,SUR,B
MR,2015,nov,-80.380,25.010,SUR,C
MR,2015,nov,-80.380,25.010,BOT,A
MR,2015,nov,-80.380,25.010,BOT,B
MR,2015,nov,-80.380,25.010,BOT,C
LK,2015,nov,-81.413,24.538,SUR,A
LK,2015,nov,-81.413,24.538,SUR,B
LK,2015,nov,-81.413,24.538,SUR,C
LK,2015,nov,-81.413,24.538,BOT,A
LK,2015,nov,-81.413,24.538,BOT,B
LK,2015,nov,-81.413,24.538,BOT,C
WS,2015,nov,-81.717,24.478,BOT,A
WS,2015,nov,-81.717,24.478,BOT,B
WS,2015,nov,-81.717,24.478,BOT,C
30,2015,nov,-82.210,25.402,SUR,A
30,2015,nov,-82.210,25.402,SUR,B
30,2015,nov,-82.210,25.402,SUR,C
30,2015,nov,-82.210,25.402,BOT,A
30,2015,nov,-82.210,25.402,BOT,B
30,2015,nov,-82.210,25.402,BOT,C
41,2015,nov,-81.575,25.733,SUR,A
41,2015,nov,-81.575,25.733,SUR,B
41,2015,nov,-81.575,25.733,SUR,C
49,2015,nov,-81.292,25.583,SUR,A
49,2015,nov,-81.292,25.583,SUR,B
49,2015,nov,-81.292,25.583,SUR,C
54,2015,nov,-81.153,25.345,SUR,A
54,2015,nov,-81.153,25.345,SUR,B
54,2015,nov,-81.153,25.345,SUR,C
57,2015,nov,-81.265,25.352,SUR,A
57,2015,nov,-81.265,25.352,SUR,B
57,2015,nov,-81.265,25.352,SUR,C
57.2,2015,nov,-81.490,25.352,SUR,A
57.2,2015,nov,-81.490,25.352,SUR,B
57.2,2015,nov,-81.490,25.352,SUR,C
58,2015,nov,-81.653,25.167,SUR,A
58,2015,nov,-81.653,25.167,SUR,B
58,2015,nov,-81.653,25.167,SUR,C
64,2015,nov,-81.157,25.167,SUR,A
64,2015,nov,-81.157,25.167,SUR,B
64,2015,nov,-81.157,25.167,SUR,C
68,2015,nov,-81.167,24.930,SUR,A
68,2015,nov,-81.167,24.930,SUR,B
68,2015,nov,-81.167,24.930,SUR,C
MR,2016,jan,-80.380,25.010,SUR,A
MR,2016,jan,-80.380,25.010,SUR,B
MR,2016,jan,-80.380,25.010,SUR,C
MR,2016,jan,-80.380,25.010,BOT,A
MR,2016,jan,-80.380,25.010,BOT,B
MR,2016,jan,-80.380,25.010,BOT,C
LK,2016,jan,-81.413,24.538,SUR,A
LK,2016,jan,-81.413,24.538,SUR,B
LK,2016,jan,-81.413,24.538,SUR,C
LK,2016,jan,-81.413,24.538,BOT,A
LK,2016,jan,-81.413,24.538,BOT,B
LK,2016,jan,-81.413,24.538,BOT,C
WS,2016,jan,-81.717,24.478,SUR,A
WS,2016,jan,-81.717,24.478,BOT,A
WS,2016,jan,-81.717,24.478,BOT,B
WS,2016,jan,-81.717,24.478,BOT,C
30,2016,jan,-82.210,25.402,BOT,A
30,2016,jan,-82.210,25.402,BOT,B
30,2016,jan,-82.210,25.402,BOT,C
41,2016,jan,-81.575,25.733,SUR,A
41,2016,jan,-81.575,25.733,SUR,B
41,2016,jan,-81.575,25.733,SUR,C
49,2016,jan,-81.292,25.583,SUR,A
49,2016,jan,-81.292,25.583,SUR,B
49,2016,jan,-81.292,25.583,SUR,C
54,2016,jan,-81.153,25.345,SUR,A
54,2016,jan,-81.153,25.345,SUR,B
54,2016,jan,-81.153,25.345,SUR,C
57,2016,jan,-81.265,25.352,SUR,A
57,2016,jan,-81.265,25.352,SUR,B
57,2016,jan,-81.265,25.352,SUR,C
57.2,2016,jan,-81.490,25.352,SUR,A
57.2,2016,jan,-81.490,25.352,SUR,B
57.2,2016,jan,-81.490,25.352,SUR,C
58,2016,jan,-81.653,25.167,SUR,A
58,2016,jan,-81.653,25.167,SUR,B
58,2016,jan,-81.653,25.167,SUR,C
64,2016,jan,-81.157,25.167,SUR,A
64,2016,jan,-81.157,25.167,SUR,B
64,2016,jan,-81.157,25.167,SUR,C
68,2016,jan,-81.167,24.930,SUR,A
68,2016,jan,-81.167,24.930,SUR,B
68,2016,jan,-81.167,24.930,SUR,C
2,2016,may,-80.105,25.642,SUR,A
2,2016,may,-80.105,25.642,SUR,B
2,2016,may,-80.105,25.642,SUR,C
10,2016,may,-80.860,24.788,SUR,A
10,2016,may,-80.860,24.788,SUR,B
10,2016,may,-80.860,24.788,SUR,C
30,2016,may,-82.210,25.402,SUR,A
30,2016,may,-82.210,25.402,SUR,B
30,2016,may,-82.210,25.402,SUR,C
30,2016,may,-82.210,25.402,BOT,A
30,2016,may,-82.210,25.402,BOT,B
30,2016,may,-82.210,25.402,BOT,C
31,2016,may,-81.943,25.742,SUR,A
31,2016,may,-81.943,25.742,SUR,B
31,2016,may,-81.943,25.742,SUR,C
32,2016,may,-81.833,25.873,SUR,A
32,2016,may,-81.833,25.873,SUR,B
32,2016,may,-81.833,25.873,SUR,C
41,2016,may,-81.575,25.733,SUR,A
41,2016,may,-81.575,25.733,SUR,B
41,2016,may,-81.575,25.733,SUR,C
45,2016,may,-81.471,25.584,SUR,A
45,2016,may,-81.471,25.584,SUR,B
45,2016,may,-81.471,25.584,SUR,C
49,2016,may,-81.292,25.583,SUR,A
49,2016,may,-81.292,25.583,SUR,B
49,2016,may,-81.292,25.583,SUR,C
51,2016,may,-81.308,25.453,SUR,A
51,2016,may,-81.308,25.453,SUR,B
51,2016,may,-81.308,25.453,SUR,C
53,2016,may,-81.225,25.453,SUR,A
53,2016,may,-81.225,25.453,SUR,B
53,2016,may,-81.225,25.453,SUR,C
55,2016,may,-81.193,25.350,SUR,A
55,2016,may,-81.193,25.350,SUR,B
55,2016,may,-81.193,25.350,SUR,C
58,2016,may,-81.653,25.167,SUR,B
58,2016,may,-81.653,25.167,SUR,C
58,2016,may,-81.653,25.167,SUR,A
62,2016,may,-81.235,25.167,SUR,B
62,2016,may,-81.235,25.167,SUR,C
62,2016,may,-81.235,25.167,SUR,A
65,2016,may,-81.093,25.102,SUR,B
65,2016,may,-81.093,25.102,SUR,C
65,2016,may,-81.093,25.102,SUR,A
MR,2016,jul,-80.380,25.010,BOT,A
MR,2016,jul,-80.380,25.010,BOT,B
MR,2016,jul,-80.380,25.010,BOT,C
MR,2016,jul,-80.380,25.010,SUR,A
MR,2016,jul,-80.380,25.010,SUR,B
MR,2016,jul,-80.380,25.010,SUR,C
LK,2016,jul,-81.413,24.538,BOT,A
LK,2016,jul,-81.413,24.538,BOT,B
LK,2016,jul,-81.413,24.538,BOT,C
LK,2016,jul,-81.413,24.538,SUR,A
LK,2016,jul,-81.413,24.538,SUR,B
LK,2016,jul,-81.413,24.538,SUR,C
WS,2016,jul,-81.717,24.478,BOT,A
WS,2016,jul,-81.717,24.478,BOT,B
WS,2016,jul,-81.717,24.478,BOT,C
30,2016,jul,-82.210,25.402,BOT,A
30,2016,jul,-82.210,25.402,BOT,B
30,2016,jul,-82.210,25.402,BOT,C
30,2016,jul,-82.210,25.402,SUR,A
30,2016,jul,-82.210,25.402,SUR,B
30,2016,jul,-82.210,25.402,SUR,C
33,2016,jul,-81.800,25.912,SUR,A
33,2016,jul,-81.800,25.912,SUR,B
33,2016,jul,-81.800,25.912,SUR,C
41,2016,jul,-81.575,25.733,SUR,A
41,2016,jul,-81.575,25.733,SUR,B
41,2016,jul,-81.575,25.733,SUR,C
49,2016,jul,-81.292,25.583,SUR,A
49,2016,jul,-81.292,25.583,SUR,B
49,2016,jul,-81.292,25.583,SUR,C
54,2016,jul,-81.153,25.345,SUR,A
54,2016,jul,-81.153,25.345,SUR,B
54,2016,jul,-81.153,25.345,SUR,C
57.2,2016,jul,-81.490,25.352,SUR,A
57.2,2016,jul,-81.490,25.352,SUR,B
57.2,2016,jul,-81.490,25.352,SUR,C
57.3,2016,jul,-81.653,25.352,SUR,A
57.3,2016,jul,-81.653,25.352,SUR,B
57.3,2016,jul,-81.653,25.352,SUR,C
58,2016,jul,-81.653,25.167,SUR,A
58,2016,jul,-81.653,25.167,SUR,B
58,2016,jul,-81.653,25.167,SUR,C
64,2016,jul,-81.157,25.167,SUR,A
64,2016,jul,-81.157,25.167,SUR,B
64,2016,jul,-81.157,25.167,SUR,C
68,2016,jul,-81.167,24.930,SUR,A
68,2016,jul,-81.167,24.930,SUR,B
68,2016,jul,-81.167,24.930,SUR,C
2,2016,sep,-80.105,25.642,SUR,A
2,2016,sep,-80.105,25.642,SUR,B
2,2016,sep,-80.105,25.642,SUR,C
7,2016,sep,-80.757,24.821,SUR,A
7,2016,sep,-80.757,24.821,SUR,B
7,2016,sep,-80.757,24.821,SUR,C
10,2016,sep,-80.860,24.788,SUR,A
10,2016,sep,-80.860,24.788,SUR,B
10,2016,sep,-80.860,24.788,SUR,C
30,2016,sep,-82.210,25.402,SUR,A
30,2016,sep,-82.210,25.402,SUR,B
31,2016,sep,-81.943,25.742,SUR,A
31,2016,sep,-81.943,25.742,SUR,B
31,2016,sep,-81.943,25.742,SUR,C
33,2016,sep,-81.800,25.912,SUR,A
33,2016,sep,-81.800,25.912,SUR,B
33,2016,sep,-81.800,25.912,SUR,C
41,2016,sep,-81.575,25.733,SUR,A
41,2016,sep,-81.575,25.733,SUR,B
41,2016,sep,-81.575,25.733,SUR,C
45,2016,sep,-81.471,25.584,SUR,A
45,2016,sep,-81.471,25.584,SUR,B
45,2016,sep,-81.471,25.584,SUR,C
49,2016,sep,-81.292,25.583,SUR,A
49,2016,sep,-81.292,25.583,SUR,B
49,2016,sep,-81.292,25.583,SUR,C
51,2016,sep,-81.308,25.453,SUR,A
51,2016,sep,-81.308,25.453,SUR,B
51,2016,sep,-81.308,25.453,SUR,C
55,2016,sep,-81.193,25.350,SUR,A
55,2016,sep,-81.193,25.350,SUR,B
55,2016,sep,-81.193,25.350,SUR,C
57.2,2016,sep,-81.490,25.352,SUR,A
57.2,2016,sep,-81.490,25.352,SUR,B
57.2,2016,sep,-81.490,25.352,SUR,C
58,2016,sep,-81.653,25.167,SUR,A
58,2016,sep,-81.653,25.167,SUR,B
58,2016,sep,-81.653,25.167,SUR,C
62,2016,sep,-81.235,25.167,SUR,A
62,2016,sep,-81.235,25.167,SUR,B
62,2016,sep,-81.235,25.167,SUR,C
68,2016,sep,-81.167,24.930,SUR,A
68,2016,sep,-81.167,24.930,SUR,B
68,2016,sep,-81.167,24.930,SUR,C
2,2016,nov,-80.105,25.642,SUR,A
2,2016,nov,-80.105,25.642,SUR,B
2,2016,nov,-80.105,25.642,SUR,C
MR,2016,nov,-80.380,25.010,SUR,A
MR,2016,nov,-80.380,25.010,SUR,B
MR,2016,nov,-80.380,25.010,SUR,C
MR,2016,nov,-80.380,25.010,BOT,A
MR,2016,nov,-80.380,25.010,BOT,B
MR,2016,nov,-80.380,25.010,BOT,C
7,2016,nov,-80.757,24.821,SUR,A
7,2016,nov,-80.757,24.821,SUR,B
7,2016,nov,-80.757,24.821,SUR,C
10,2016,nov,-80.860,24.788,SUR,A
10,2016,nov,-80.860,24.788,SUR,B
10,2016,nov,-80.860,24.788,SUR,C
LK,2016,nov,-81.413,24.538,SUR,A
LK,2016,nov,-81.413,24.538,SUR,B
LK,2016,nov,-81.413,24.538,SUR,C
LK,2016,nov,-81.413,24.538,BOT,A
LK,2016,nov,-81.413,24.538,BOT,B
LK,2016,nov,-81.413,24.538,BOT,C
68,2016,nov,-81.167,24.930,SUR,A
68,2016,nov,-81.167,24.930,SUR,B
68,2016,nov,-81.167,24.930,SUR,C
65,2016,nov,-81.093,25.102,SUR,A
65,2016,nov,-81.093,25.102,SUR,B
65,2016,nov,-81.093,25.102,SUR,C
64,2016,nov,-81.157,25.167,SUR,A
64,2016,nov,-81.157,25.167,SUR,B
64,2016,nov,-81.157,25.167,SUR,C
62,2016,nov,-81.235,25.167,SUR,A
62,2016,nov,-81.235,25.167,SUR,B
62,2016,nov,-81.235,25.167,SUR,C
58,2016,nov,-81.653,25.167,SUR,A
58,2016,nov,-81.653,25.167,SUR,B
58,2016,nov,-81.653,25.167,SUR,C
57.3,2016,nov,-81.653,25.352,SUR,A
57.3,2016,nov,-81.653,25.352,SUR,B
57.3,2016,nov,-81.653,25.352,SUR,C
57.2,2016,nov,-81.490,25.352,SUR,A
57.2,2016,nov,-81.490,25.352,SUR,B
57.2,2016,nov,-81.490,25.352,SUR,C
57,2016,nov,-81.265,25.352,SUR,A
57,2016,nov,-81.265,25.352,SUR,B
57,2016,nov,-81.265,25.352,SUR,C
55,2016,nov,-81.193,25.350,SUR,A
55,2016,nov,-81.193,25.350,SUR,B
55,2016,nov,-81.193,25.350,SUR,C
54,2016,nov,-81.153,25.345,SUR,A
54,2016,nov,-81.153,25.345,SUR,B
54,2016,nov,-81.153,25.345,SUR,C
51,2016,nov,-81.308,25.453,SUR,A
51,2016,nov,-81.308,25.453,SUR,B
51,2016,nov,-81.308,25.453,SUR,C
49,2016,nov,-81.292,25.583,SUR,A
49,2016,nov,-81.292,25.583,SUR,B
49,2016,nov,-81.292,25.583,SUR,C
45,2016,nov,-81.471,25.584,SUR,A
45,2016,nov,-81.471,25.584,SUR,B
45,2016,nov,-81.471,25.584,SUR,C
41,2016,nov,-81.575,25.733,SUR,A
41,2016,nov,-81.575,25.733,SUR,B
41,2016,nov,-81.575,25.733,SUR,C
33,2016,nov,-81.800,25.912,SUR,A
33,2016,nov,-81.800,25.912,SUR,B
33,2016,nov,-81.800,25.912,SUR,C
31,2016,nov,-81.943,25.742,SUR,A
31,2016,nov,-81.943,25.742,SUR,B
31,2016,nov,-81.943,25.742,SUR,C
31,2016,nov,-81.943,25.742,BOT,A
31,2016,nov,-81.943,25.742,BOT,B
31,2016,nov,-81.943,25.742,BOT,C
30,2016,nov,-82.210,25.402,SUR,A
30,2016,nov,-82.210,25.402,SUR,B
30,2016,nov,-82.210,25.402,SUR,C
30,2016,nov,-82.210,25.402,BOT,A
30,2016,nov,-82.210,25.402,BOT,B
30,2016,nov,-82.210,25.402,BOT,C
2,2017,jan,-80.105,25.642,SUR,A
2,2017,jan,-80.105,25.642,SUR,B
2,2017,jan,-80.105,25.642,SUR,C
MR,2017,jan,-80.380,25.010,SUR,A
MR,2017,jan,-80.380,25.010,SUR,B
MR,2017,jan,-80.380,25.010,SUR,C
MR,2017,jan,-80.380,25.010,BOT,A
MR,2017,jan,-80.380,25.010,BOT,B
MR,2017,jan,-80.380,25.010,BOT,C
7,2017,jan,-80.757,24.821,SUR,A
7,2017,jan,-80.757,24.821,SUR,B
7,2017,jan,-80.757,24.821,SUR,C
10,2017,jan,-80.860,24.788,SUR,A
10,2017,jan,-80.860,24.788,SUR,B
10,2017,jan,-80.860,24.788,SUR,C
LK,2017,jan,-81.413,24.538,SUR,A
LK,2017,jan,-81.413,24.538,SUR,B
LK,2017,jan,-81.413,24.538,SUR,C
LK,2017,jan,-81.413,24.538,BOT,A
LK,2017,jan,-81.413,24.538,BOT,B
LK,2017,jan,-81.413,24.538,BOT,C
WS,2017,jan,-81.717,24.478,SUR,A
WS,2017,jan,-81.717,24.478,SUR,B
WS,2017,jan,-81.717,24.478,SUR,C
WS,2017,jan,-81.717,24.478,BOT,A
WS,2017,jan,-81.717,24.478,BOT,B
WS,2017,jan,-81.717,24.478,BOT,C
68,2017,jan,-81.167,24.930,SUR,A
68,2017,jan,-81.167,24.930,SUR,B
68,2017,jan,-81.167,24.930,SUR,C
65,2017,jan,-81.093,25.102,SUR,A
65,2017,jan,-81.093,25.102,SUR,B
65,2017,jan,-81.093,25.102,SUR,C
62,2017,jan,-81.235,25.167,SUR,A
62,2017,jan,-81.235,25.167,SUR,B
62,2017,jan,-81.235,25.167,SUR,C
58,2017,jan,-81.653,25.167,SUR,A
58,2017,jan,-81.653,25.167,SUR,B
58,2017,jan,-81.653,25.167,SUR,C
57.3,2017,jan,-81.653,25.352,SUR,A
57.3,2017,jan,-81.653,25.352,SUR,B
57.3,2017,jan,-81.653,25.352,SUR,C
57.2,2017,jan,-81.490,25.352,SUR,A
57.2,2017,jan,-81.490,25.352,SUR,B
57.2,2017,jan,-81.490,25.352,SUR,C
57,2017,jan,-81.265,25.352,SUR,A
57,2017,jan,-81.265,25.352,SUR,B
57,2017,jan,-81.265,25.352,SUR,C
55,2017,jan,-81.193,25.350,SUR,A
55,2017,jan,-81.193,25.350,SUR,B
55,2017,jan,-81.193,25.350,SUR,C
54,2017,jan,-81.153,25.345,SUR,A
54,2017,jan,-81.153,25.345,SUR,B
54,2017,jan,-81.153,25.345,SUR,C
51,2017,jan,-81.308,25.453,SUR,A
51,2017,jan,-81.308,25.453,SUR,B
51,2017,jan,-81.308,25.453,SUR,C
49,2017,jan,-81.292,25.583,SUR,A
49,2017,jan,-81.292,25.583,SUR,B
49,2017,jan,-81.292,25.583,SUR,C
45,2017,jan,-81.471,25.584,SUR,A
45,2017,jan,-81.471,25.584,SUR,B
45,2017,jan,-81.471,25.584,SUR,C
41,2017,jan,-81.575,25.733,SUR,A
41,2017,jan,-81.575,25.733,SUR,B
41,2017,jan,-81.575,25.733,SUR,C
33,2017,jan,-81.800,25.912,SUR,A
33,2017,jan,-81.800,25.912,SUR,B
33,2017,jan,-81.800,25.912,SUR,C
31,2017,jan,-81.943,25.742,SUR,A
31,2017,jan,-81.943,25.742,SUR,B
31,2017,jan,-81.943,25.742,SUR,C
31,2017,jan,-81.943,25.742,BOT,A
31,2017,jan,-81.943,25.742,BOT,B
31,2017,jan,-81.943,25.742,BOT,C
30,2017,jan,-82.210,25.402,SUR,A
30,2017,jan,-82.210,25.402,SUR,B
30,2017,jan,-82.210,25.402,SUR,C
30,2017,jan,-82.210,25.402,BOT,A
30,2017,jan,-82.210,25.402,BOT,B
30,2017,jan,-82.210,25.402,BOT,C
3,2017,mar,-80.083,25.645,SUR,A
3,2017,mar,-80.083,25.645,SUR,B
3,2017,mar,-80.083,25.645,SUR,C
MR,2017,mar,-80.380,25.010,SUR,A
MR,2017,mar,-80.380,25.010,SUR,B
MR,2017,mar,-80.380,25.010,SUR,C
MR,2017,mar,-80.380,25.010,BOT,A
MR,2017,mar,-80.380,25.010,BOT,B
MR,2017,mar,-80.380,25.010,BOT,C
7,2017,mar,-80.757,24.821,SUR,A
7,2017,mar,-80.757,24.821,SUR,B
7,2017,mar,-80.757,24.821,SUR,C
10,2017,mar,-80.860,24.788,SUR,A
10,2017,mar,-80.860,24.788,SUR,B
10,2017,mar,-80.860,24.788,SUR,C
LK,2017,mar,-81.413,24.538,SUR,A
LK,2017,mar,-81.413,24.538,SUR,B
LK,2017,mar,-81.413,24.538,SUR,C
LK,2017,mar,-81.413,24.538,BOT,A
LK,2017,mar,-81.413,24.538,BOT,B
LK,2017,mar,-81.413,24.538,BOT,C
WS,2017,mar,-81.717,24.478,SUR,A
WS,2017,mar,-81.717,24.478,SUR,B
WS,2017,mar,-81.717,24.478,SUR,C
WS,2017,mar,-81.717,24.478,BOT,A
WS,2017,mar,-81.717,24.478,BOT,B
WS,2017,mar,-81.717,24.478,BOT,C
68,2017,mar,-81.167,24.930,SUR,A
68,2017,mar,-81.167,24.930,SUR,B
68,2017,mar,-81.167,24.930,SUR,C
65,2017,mar,-81.093,25.102,SUR,A
65,2017,mar,-81.093,25.102,SUR,B
65,2017,mar,-81.093,25.102,SUR,C
64,2017,mar,-81.157,25.167,SUR,A
64,2017,mar,-81.157,25.167,SUR,B
64,2017,mar,-81.157,25.167,SUR,C
62,2017,mar,-81.235,25.167,SUR,A
62,2017,mar,-81.235,25.167,SUR,B
62,2017,mar,-81.235,25.167,SUR,C
58,2017,mar,-81.653,25.167,SUR,A
58,2017,mar,-81.653,25.167,SUR,B
58,2017,mar,-81.653,25.167,SUR,C
57.3,2017,mar,-81.653,25.352,SUR,A
57.3,2017,mar,-81.653,25.352,SUR,B
57.3,2017,mar,-81.653,25.352,SUR,C
57.2,2017,mar,-81.490,25.352,SUR,A
57.2,2017,mar,-81.490,25.352,SUR,B
57.2,2017,mar,-81.490,25.352,SUR,C
57,2017,mar,-81.265,25.352,SUR,A
57,2017,mar,-81.265,25.352,SUR,B
57,2017,mar,-81.265,25.352,SUR,C
55,2017,mar,-81.193,25.350,SUR,A
55,2017,mar,-81.193,25.350,SUR,B
55,2017,mar,-81.193,25.350,SUR,C
54,2017,mar,-81.153,25.345,SUR,A
54,2017,mar,-81.153,25.345,SUR,B
54,2017,mar,-81.153,25.345,SUR,C
51,2017,mar,-81.308,25.453,SUR,A
51,2017,mar,-81.308,25.453,SUR,B
51,2017,mar,-81.308,25.453,SUR,C
49,2017,mar,-81.292,25.583,SUR,A
49,2017,mar,-81.292,25.583,SUR,B
49,2017,mar,-81.292,25.583,SUR,C
45,2017,mar,-81.471,25.584,SUR,A
45,2017,mar,-81.471,25.584,SUR,B
45,2017,mar,-81.471,25.584,SUR,C
41,2017,mar,-81.575,25.733,SUR,A
41,2017,mar,-81.575,25.733,SUR,B
41,2017,mar,-81.575,25.733,SUR,C
33,2017,mar,-81.800,25.912,SUR,A
33,2017,mar,-81.800,25.912,SUR,B
33,2017,mar,-81.800,25.912,SUR,C
31,2017,mar,-81.943,25.742,SUR,A
31,2017,mar,-81.943,25.742,SUR,B
31,2017,mar,-81.943,25.742,SUR,C
30,2017,mar,-82.210,25.402,SUR,A
30,2017,mar,-82.210,25.402,SUR,B
30,2017,mar,-82.210,25.402,SUR,C
30,2017,mar,-82.210,25.402,BOT,A
30,2017,mar,-82.210,25.402,BOT,B
30,2017,mar,-82.210,25.402,BOT,C
MR,2018,oct,-80.380,25.010,2,A
MR,2018,oct,-80.380,25.010,2,B
MR,2018,oct,-80.380,25.010,2,C
MR,2018,oct,-80.380,25.010,31,A
MR,2018,oct,-80.380,25.010,31,B
MR,2018,oct,-80.380,25.010,31,C
WS,2018,oct,-81.717,24.478,2,A
WS,2018,oct,-81.717,24.478,2,B
WS,2018,oct,-81.717,24.478,2,C
WS,2018,oct,-81.717,24.478,21,A
WS,2018,oct,-81.717,24.478,21,B
WS,2018,oct,-81.717,24.478,21,C
24,2018,oct,-81.828,24.537,2,A
24,2018,oct,-81.828,24.537,2,B
24,2018,oct,-81.828,24.537,2,C
24,2018,oct,-81.828,24.537,28,A
24,2018,oct,-81.828,24.537,28,B
24,2018,oct,-81.828,24.537,28,C
kw2,2018,oct,-81.917,24.728,2,A
kw2,2018,oct,-81.917,24.728,2,B
kw2,2018,oct,-81.917,24.728,2,C
kw2,2018,oct,-81.917,24.728,12,A
kw2,2018,oct,-81.917,24.728,12,B
kw2,2018,oct,-81.917,24.728,12,C
Z04-068,2018,oct,-82.318,26.424,2,A
Z04-068,2018,oct,-82.318,26.424,2,B
Z04-068,2018,oct,-82.318,26.424,2,C
Z04-068,2018,oct,-82.318,26.424,7,A
Z04-068,2018,oct,-82.318,26.424,7,B
Z04-068,2018,oct,-82.318,26.424,7,C
Z04-068,2018,oct,-82.318,26.424,10,A
Z04-068,2018,oct,-82.318,26.424,10,B
Z04-068,2018,oct,-82.318,26.424,10,C
RP2,2018,oct,-82.266,26.552,2,A
RP2,2018,oct,-82.266,26.552,2,B
RP2,2018,oct,-82.266,26.552,2,C
RP2,2018,oct,-82.266,26.552,8,A
RP2,2018,oct,-82.266,26.552,8,B
RP2,2018,oct,-82.266,26.552,8,C
RP3,2018,oct,-82.332,26.550,2,A
RP3,2018,oct,-82.332,26.550,2,B
RP3,2018,oct,-82.332,26.550,2,C
RP3,2018,oct,-82.332,26.550,10,A
RP3,2018,oct,-82.332,26.550,10,B
RP3,2018,oct,-82.332,26.550,10,C
RP3,2018,oct,-82.332,26.550,15,A
RP3,2018,oct,-82.332,26.550,15,B
RP3,2018,oct,-82.332,26.550,15,C
RP4,2018,oct,-82.497,26.577,2,A
RP4,2018,oct,-82.497,26.577,2,B
RP4,2018,oct,-82.497,26.577,2,C
RP4,2018,oct,-82.497,26.577,10,A
RP4,2018,oct,-82.497,26.577,10,B
RP4,2018,oct,-82.497,26.577,10,C
RP4,2018,oct,-82.497,26.577,15,A
RP4,2018,oct,-82.497,26.577,15,B
RP4,2018,oct,-82.497,26.577,15,C
GP5,2018,oct,-82.696,26.596,2,A
GP5,2018,oct,-82.696,26.596,2,B
GP5,2018,oct,-82.696,26.596,2,C
GP5,2018,oct,-82.696,26.596,18,A
GP5,2018,oct,-82.696,26.596,18,B
GP5,2018,oct,-82.696,26.596,18,C
TB5,2018,oct,-83.300,27.617,2,A
TB5,2018,oct,-83.300,27.617,2,B
TB5,2018,oct,-83.300,27.617,2,C
TB5,2018,oct,-83.300,27.617,30,A
TB5,2018,oct,-83.300,27.617,30,B
TB5,2018,oct,-83.300,27.617,30,C
TB2,2018,oct,-82.928,27.740,2,A
TB2,2018,oct,-82.928,27.740,2,B
TB2,2018,oct,-82.928,27.740,2,C
TB2,2018,oct,-82.928,27.740,8,A
TB2,2018,oct,-82.928,27.740,8,B
TB2,2018,oct,-82.928,27.740,8,C
TB1,2018,oct,-82.882,27.801,2,A
TB1,2018,oct,-82.882,27.801,2,B
TB1,2018,oct,-82.882,27.801,2,C
TB1,2018,oct,-82.882,27.801,6,A
TB1,2018,oct,-82.882,27.801,6,B
TB1,2018,oct,-82.882,27.801,6,C
TB6,2018,oct,-82.856,27.839,2,A
TB6,2018,oct,-82.856,27.839,2,B
TB6,2018,oct,-82.856,27.839,2,C
TB6,2018,oct,-82.856,27.839,4,A
TB6,2018,oct,-82.856,27.839,4,B
TB6,2018,oct,-82.856,27.839,4,C
CW2,2018,oct,-82.896,28.016,2,A
CW2,2018,oct,-82.896,28.016,2,B
CW2,2018,oct,-82.896,28.016,2,C
CW2,2018,oct,-82.896,28.016,7,A
CW2,2018,oct,-82.896,28.016,7,B
CW2,2018,oct,-82.896,28.016,7,C
CW4,2018,oct,-83.079,28.012,2,A
CW4,2018,oct,-83.079,28.012,2,B
CW4,2018,oct,-83.079,28.012,2,C
MR,2020,aug,-80.380,25.010,1,A
MR,2020,aug,-80.380,25.010,1,B
MR,2020,aug,-80.380,25.010,1,C
MR,2020,aug,-80.380,25.010,30,A
MR,2020,aug,-80.380,25.010,30,B
MR,2020,aug,-80.380,25.010,30,C
12,2020,aug,-80.832,24.713,1,A
12,2020,aug,-80.832,24.713,1,B
12,2020,aug,-80.832,24.713,1,C
18,2020,aug,-81.180,24.580,1,A
18,2020,aug,-81.180,24.580,1,B
18,2020,aug,-81.180,24.580,1,C
LK,2020,aug,-81.413,24.538,1,A
LK,2020,aug,-81.413,24.538,1,B
LK,2020,aug,-81.413,24.538,1,C
LK,2020,aug,-81.413,24.538,35.5,A
LK,2020,aug,-81.413,24.538,35.5,B
LK,2020,aug,-81.413,24.538,35.5,C
LK,2020,aug,-81.413,24.538,----,A
WS,2020,aug,-81.717,24.478,1,B
WS,2020,aug,-81.717,24.478,1,C
WS,2020,aug,-81.717,24.478,1,A
WS,2020,aug,-81.717,24.478,21,B
WS,2020,aug,-81.717,24.478,21,C
WS,2020,aug,-81.717,24.478,21,A
KW1,2020,aug,-81.904,24.654,1,B
KW1,2020,aug,-81.904,24.654,1,C
KW1,2020,aug,-81.904,24.654,1,A
KW4,2020,aug,-82.041,25.014,1,B
KW4,2020,aug,-82.041,25.014,1,C
KW4,2020,aug,-82.041,25.014,1,A
30,2020,aug,-82.210,25.402,1,B
30,2020,aug,-82.210,25.402,1,C
30,2020,aug,-82.210,25.402,1,A
31,2020,aug,-81.943,25.742,1,B
31,2020,aug,-81.943,25.742,1,C
31,2020,aug,-81.943,25.742,1,A
33,2020,aug,-81.800,25.912,1,B
33,2020,aug,-81.800,25.912,1,C
33,2020,aug,-81.800,25.912,1,A
CAL6,2020,aug,-82.480,25.940,1,B
CAL6,2020,aug,-82.480,25.940,1,C
CAL6,2020,aug,-82.480,25.940,1,A
CAL5,2020,aug,-82.217,26.183,1,B
CAL5,2020,aug,-82.217,26.183,1,C
CAL5,2020,aug,-82.217,26.183,1,A
CAL3,2020,aug,-82.044,26.342,1,B
CAL3,2020,aug,-82.044,26.342,1,C
CAL3,2020,aug,-82.044,26.342,1,A
CAL3,2020,aug,-82.044,26.342,----,B
CAL1,2020,aug,-81.960,26.426,1,C
CAL1,2020,aug,-81.960,26.426,1,A
CAL1,2020,aug,-81.960,26.426,1,B
RP1,2020,aug,-82.220,26.545,1,C
RP1,2020,aug,-82.220,26.545,1,A
RP1,2020,aug,-82.220,26.545,1,B
RP3,2020,aug,-82.332,26.550,1,C
RP3,2020,aug,-82.332,26.550,1,A
RP3,2020,aug,-82.332,26.550,1,B
GP5,2020,aug,-82.696,26.596,1,C
GP5,2020,aug,-82.696,26.596,1,A
GP5,2020,aug,-82.696,26.596,1,B
EB1,2020,aug,-82.385,26.923,1,C
EB1,2020,aug,-82.385,26.923,1,A
EB1,2020,aug,-82.385,26.923,1,B
41,2020,aug,-81.575,25.733,1,C
41,2020,aug,-81.575,25.733,1,A
41,2020,aug,-81.575,25.733,1,B
45,2020,aug,-81.471,25.584,1,C
45,2020,aug,-81.471,25.584,1,A
45,2020,aug,-81.471,25.584,1,B
51,2020,aug,-81.308,25.453,1,C
51,2020,aug,-81.308,25.453,1,A
51,2020,aug,-81.308,25.453,1,B
54,2020,aug,-81.153,25.345,1,C
54,2020,aug,-81.153,25.345,1,A
54,2020,aug,-81.153,25.345,1,B
57,2020,aug,-81.265,25.352,1,C
57,2020,aug,-81.265,25.352,1,A
57,2020,aug,-81.265,25.352,1,B
60,2020,aug,-81.336,25.167,1,C
60,2020,aug,-81.336,25.167,1,A
60,2020,aug,-81.336,25.167,1,B
68,2020,aug,-81.167,24.930,1,C
68,2020,aug,-81.167,24.930,1,A
68,2020,aug,-81.167,24.930,1,B
68,2020,aug,-81.167,24.930,---,C
MR,2020,oct,-80.380,25.010,31.6,A
MR,2020,oct,-80.380,25.010,31.6,B
MR,2020,oct,-80.380,25.010,31.6,C
MR,2020,oct,-80.380,25.010,1,A
MR,2020,oct,-80.380,25.010,1,B
MR,2020,oct,-80.380,25.010,1,C
7,2020,oct,-80.757,24.821,1,A
7,2020,oct,-80.757,24.821,1,B
7,2020,oct,-80.757,24.821,1,C
12,2020,oct,-80.832,24.713,1,A
12,2020,oct,-80.832,24.713,1,B
12,2020,oct,-80.832,24.713,1,C
16,2020,oct,-81.205,24.675,1,A
16,2020,oct,-81.205,24.675,1,B
16,2020,oct,-81.205,24.675,1,C
LK,2020,oct,-81.413,24.538,1,A
LK,2020,oct,-81.413,24.538,1,B
LK,2020,oct,-81.413,24.538,1,C
LK,2020,oct,-81.413,24.538,31,A
LK,2020,oct,-81.413,24.538,31,B
LK,2020,oct,-81.413,24.538,31,C
WS,2020,oct,-81.717,24.478,1,A
WS,2020,oct,-81.717,24.478,1,B
WS,2020,oct,-81.717,24.478,1,C
WS,2020,oct,-81.717,24.478,21,A
WS,2020,oct,-81.717,24.478,21,B
WS,2020,oct,-81.717,24.478,21,C
22,2020,oct,-81.828,24.455,1,A
22,2020,oct,-81.828,24.455,1,B
22,2020,oct,-81.828,24.455,1,C
KW1,2020,oct,-81.904,24.654,1,A
KW1,2020,oct,-81.904,24.654,1,B
KW1,2020,oct,-81.904,24.654,1,C
KW4,2020,oct,-82.041,25.014,1,A
KW4,2020,oct,-82.041,25.014,1,B
KW4,2020,oct,-82.041,25.014,1,C
30,2020,oct,-82.210,25.402,1,A
30,2020,oct,-82.210,25.402,1,B
30,2020,oct,-82.210,25.402,1,C
31,2020,oct,-81.943,25.742,1,A
31,2020,oct,-81.943,25.742,1,B
31,2020,oct,-81.943,25.742,1,C
CAL1,2020,oct,-81.960,26.426,1,A
CAL1,2020,oct,-81.960,26.426,1,B
CAL1,2020,oct,-81.960,26.426,1,C
CAL3,2020,oct,-82.044,26.342,1,A
CAL3,2020,oct,-82.044,26.342,1,B
CAL3,2020,oct,-82.044,26.342,1,C
CAL5,2020,oct,-82.217,26.183,1,A
CAL5,2020,oct,-82.217,26.183,1,B
CAL5,2020,oct,-82.217,26.183,1,C
CAL6,2020,oct,-82.480,25.940,1,A
CAL6,2020,oct,-82.480,25.940,1,B
CAL6,2020,oct,-82.480,25.940,1,C
RP1,2020,oct,-82.220,26.545,1,A
RP1,2020,oct,-82.220,26.545,1,B
RP1,2020,oct,-82.220,26.545,1,C
RP3,2020,oct,-82.332,26.550,1,A
RP3,2020,oct,-82.332,26.550,1,B
RP3,2020,oct,-82.332,26.550,1,C
GP5,2020,oct,-82.696,26.596,1,A
GP5,2020,oct,-82.696,26.596,1,B
GP5,2020,oct,-82.696,26.596,1,C
BG4,2020,oct,-82.556,26.631,1,A
BG4,2020,oct,-82.556,26.631,1,B
BG4,2020,oct,-82.556,26.631,1,C
BG3,2020,oct,-82.417,26.668,1,A
BG3,2020,oct,-82.417,26.668,1,B
BG3,2020,oct,-82.417,26.668,1,C
BG2,2020,oct,-82.340,26.686,1,A
BG2,2020,oct,-82.340,26.686,1,B
BG2,2020,oct,-82.340,26.686,1,C
V5,2020,oct,-82.750,26.960,1,A
V5,2020,oct,-82.750,26.960,1,B
V5,2020,oct,-82.750,26.960,1,C
V2,2020,oct,-82.546,27.074,1,A
V2,2020,oct,-82.546,27.074,1,B
V2,2020,oct,-82.546,27.074,1,C
AMI2,2020,oct,-82.847,27.459,1,A
AMI2,2020,oct,-82.847,27.459,1,B
AMI2,2020,oct,-82.847,27.459,1,C
TB4,2020,oct,-83.133,27.619,1,A
TB4,2020,oct,-83.133,27.619,1,B
TB4,2020,oct,-83.133,27.619,1,C
54,2020,oct,-81.153,25.345,1,A
54,2020,oct,-81.153,25.345,1,B
54,2020,oct,-81.153,25.345,1,C
57,2020,oct,-81.265,25.352,1,A
57,2020,oct,-81.265,25.352,1,B
57,2020,oct,-81.265,25.352,1,C
7,2020,dec,-80.757,24.821,1,A
7,2020,dec,-80.757,24.821,1,B
7,2020,dec,-80.757,24.821,1,C
16,2020,dec,-81.205,24.675,1,A
16,2020,dec,-81.205,24.675,1,B
16,2020,dec,-81.205,24.675,1,C
68,2020,dec,-81.167,24.930,1,A
68,2020,dec,-81.167,24.930,1,B
68,2020,dec,-81.167,24.930,1,C
64,2020,dec,-81.157,25.167,1,A
64,2020,dec,-81.157,25.167,1,B
64,2020,dec,-81.157,25.167,1,C
54,2020,dec,-81.153,25.345,1,A
54,2020,dec,-81.153,25.345,1,B
54,2020,dec,-81.153,25.345,1,C
51,2020,dec,-81.308,25.453,1,A
51,2020,dec,-81.308,25.453,1,B
51,2020,dec,-81.308,25.453,1,C
41,2020,dec,-81.575,25.733,1,A
41,2020,dec,-81.575,25.733,1,B
41,2020,dec,-81.575,25.733,1,C
31,2020,dec,-81.943,25.742,1,A
31,2020,dec,-81.943,25.742,1,B
31,2020,dec,-81.943,25.742,1,C
33,2020,dec,-81.800,25.912,1,A
33,2020,dec,-81.800,25.912,1,B
33,2020,dec,-81.800,25.912,1,C
CAL5,2020,dec,-82.217,26.183,1,A
CAL5,2020,dec,-82.217,26.183,1,B
CAL5,2020,dec,-82.217,26.183,1,C
CAL1,2020,dec,-81.960,26.426,1,A
CAL1,2020,dec,-81.960,26.426,1,B
CAL1,2020,dec,-81.960,26.426,1,C
RP1,2020,dec,-82.220,26.545,1,A
RP1,2020,dec,-82.220,26.545,1,B
RP1,2020,dec,-82.220,26.545,1,C
RP3,2020,dec,-82.332,26.550,1,A
RP3,2020,dec,-82.332,26.550,1,B
RP3,2020,dec,-82.332,26.550,1,C
GP5,2020,dec,-82.696,26.596,1,A
GP5,2020,dec,-82.696,26.596,1,B
GP5,2020,dec,-82.696,26.596,1,C
BG2,2020,dec,-82.340,26.686,1,A
BG2,2020,dec,-82.340,26.686,1,B
BG2,2020,dec,-82.340,26.686,1,C
V2,2020,dec,-82.546,27.074,1,A
V2,2020,dec,-82.546,27.074,1,B
V2,2020,dec,-82.546,27.074,1,C
V5,2020,dec,-82.750,26.960,1,A
V5,2020,dec,-82.750,26.960,1,B
V5,2020,dec,-82.750,26.960,1,C
AMI9,2020,dec,-83.503,27.190,1,A
AMI9,2020,dec,-83.503,27.190,1,B
AMI9,2020,dec,-83.503,27.190,1,C
AMI5,2020,dec,-83.128,27.343,1,A
AMI5,2020,dec,-83.128,27.343,1,B
AMI5,2020,dec,-83.128,27.343,1,C
AMI2,2020,dec,-82.847,27.459,1,A
AMI2,2020,dec,-82.847,27.459,1,B
AMI2,2020,dec,-82.847,27.459,1,C
TB1,2020,dec,-82.882,27.801,1,A
TB1,2020,dec,-82.882,27.801,1,B
TB1,2020,dec,-82.882,27.801,1,C
TB4,2020,dec,-83.133,27.619,1,A
TB4,2020,dec,-83.133,27.619,1,B
TB4,2020,dec,-83.133,27.619,1,C
CAL6,2020,dec,-82.480,25.940,1,A
CAL6,2020,dec,-82.480,25.940,1,B
CAL6,2020,dec,-82.480,25.940,1,C
30,2020,dec,-82.210,25.402,1,A
30,2020,dec,-82.210,25.402,1,B
30,2020,dec,-82.210,25.402,1,C
KW4,2020,dec,-82.041,25.014,1,A
KW4,2020,dec,-82.041,25.014,1,B
KW4,2020,dec,-82.041,25.014,1,C
KW1,2020,dec,-81.904,24.654,1,A
KW1,2020,dec,-81.904,24.654,1,B
KW1,2020,dec,-81.904,24.654,1,C
WS,2020,dec,-81.717,24.478,1,A
WS,2020,dec,-81.717,24.478,1,B
WS,2020,dec,-81.717,24.478,1,C
WS,2020,dec,-81.717,24.478,11,A
WS,2020,dec,-81.717,24.478,11,B
WS,2020,dec,-81.717,24.478,11,C
LK,2020,dec,-81.413,24.538,1,A
LK,2020,dec,-81.413,24.538,1,B
LK,2020,dec,-81.413,24.538,1,C
LK,2020,dec,-81.413,24.538,31.7,A
LK,2020,dec,-81.413,24.538,31.7,B
LK,2020,dec,-81.413,24.538,31.7,C
12,2020,dec,-80.832,24.713,1,A
12,2020,dec,-80.832,24.713,1,B
12,2020,dec,-80.832,24.713,1,C
MR,2020,dec,-80.380,25.010,1,A
MR,2020,dec,-80.380,25.010,1,B
MR,2020,dec,-80.380,25.010,1,C
MR,2020,dec,-80.380,25.010,35.1,A
MR,2020,dec,-80.380,25.010,35.1,B
MR,2020,dec,-80.380,25.010,35.1,C
68,2021,feb,-81.167,24.930,1,A
68,2021,feb,-81.167,24.930,1,B
68,2021,feb,-81.167,24.930,1,C
65,2021,feb,-81.093,25.102,1,A
65,2021,feb,-81.093,25.102,1,B
65,2021,feb,-81.093,25.102,1,C
64,2021,feb,-81.157,25.167,1,A
64,2021,feb,-81.157,25.167,1,B
64,2021,feb,-81.157,25.167,1,C
60,2021,feb,-81.336,25.169,1,A
60,2021,feb,-81.336,25.169,1,B
60,2021,feb,-81.336,25.169,1,C
58,2021,feb,-81.653,25.167,1,A
58,2021,feb,-81.653,25.167,1,B
58,2021,feb,-81.653,25.167,1,C
57.3,2021,feb,-81.654,25.352,1,A
57.3,2021,feb,-81.654,25.352,1,B
57.3,2021,feb,-81.654,25.352,1,C
57.2,2021,feb,-81.491,25.352,1,A
57.2,2021,feb,-81.491,25.352,1,B
57.2,2021,feb,-81.491,25.352,1,C
57,2021,feb,-81.265,25.352,1,A
57,2021,feb,-81.265,25.352,1,B
57,2021,feb,-81.265,25.352,1,C
54,2021,feb,-81.153,25.345,1,A
54,2021,feb,-81.153,25.345,1,B
54,2021,feb,-81.153,25.345,1,C
51,2021,feb,-81.308,25.453,1,A
51,2021,feb,-81.308,25.453,1,B
51,2021,feb,-81.308,25.453,1,C
49,2021,feb,-81.292,25.583,1,A
49,2021,feb,-81.292,25.583,1,B
49,2021,feb,-81.292,25.583,1,C
45,2021,feb,-81.471,25.584,1,A
45,2021,feb,-81.471,25.584,1,B
45,2021,feb,-81.471,25.584,1,C
41,2021,feb,-81.575,25.733,1,A
41,2021,feb,-81.575,25.733,1,B
41,2021,feb,-81.575,25.733,1,C
31,2021,feb,-81.943,25.742,1,A
31,2021,feb,-81.943,25.742,1,B
31,2021,feb,-81.943,25.742,1,C
33,2021,feb,-81.800,25.912,1,A
33,2021,feb,-81.800,25.912,1,B
33,2021,feb,-81.800,25.912,1,C
CAL5,2021,feb,-82.217,26.183,1,A
CAL5,2021,feb,-82.217,26.183,1,B
CAL5,2021,feb,-82.217,26.183,1,C
CAL3,2021,feb,-82.044,26.342,1,A
CAL3,2021,feb,-82.044,26.342,1,B
CAL3,2021,feb,-82.044,26.342,1,C
CAL1,2021,feb,-81.960,26.426,1,A
CAL1,2021,feb,-81.960,26.426,1,B
CAL1,2021,feb,-81.960,26.426,1,C
RP1,2021,feb,-82.220,26.545,1,A
RP1,2021,feb,-82.220,26.545,1,B
RP1,2021,feb,-82.220,26.545,1,C
RP3,2021,feb,-82.332,26.550,1,A
RP3,2021,feb,-82.332,26.550,1,B
RP3,2021,feb,-82.332,26.550,1,C
GP5,2021,feb,-82.696,26.596,1,A
GP5,2021,feb,-82.696,26.596,1,B
GP5,2021,feb,-82.696,26.596,1,C
BG2,2021,feb,-82.340,26.686,1,A
BG2,2021,feb,-82.340,26.686,1,B
BG2,2021,feb,-82.340,26.686,1,C
V2,2021,feb,-82.546,27.074,1,A
V2,2021,feb,-82.546,27.074,1,B
V2,2021,feb,-82.546,27.074,1,C
V5,2021,feb,-82.750,26.960,1,A
V5,2021,feb,-82.750,26.960,1,B
V5,2021,feb,-82.750,26.960,1,C
V9,2021,feb,-83.105,26.729,1,A
V9,2021,feb,-83.105,26.729,1,B
V9,2021,feb,-83.105,26.729,1,C
AMI9,2021,feb,-83.503,27.190,1,A
AMI9,2021,feb,-83.503,27.190,1,B
AMI9,2021,feb,-83.503,27.190,1,C
AMI5,2021,feb,-83.128,27.343,1,A
AMI5,2021,feb,-83.128,27.343,1,B
AMI5,2021,feb,-83.128,27.343,1,C
AMI2,2021,feb,-82.847,27.459,1,A
AMI2,2021,feb,-82.847,27.459,1,B
AMI2,2021,feb,-82.847,27.459,1,C
TB1,2021,feb,-83.882,27.801,1,A
TB1,2021,feb,-83.882,27.801,1,B
TB1,2021,feb,-83.882,27.801,1,C
TB4,2021,feb,-83.133,27.619,1,A
TB4,2021,feb,-83.133,27.619,1,B
TB4,2021,feb,-83.133,27.619,1,C
TB10,2021,feb,-83.487,27.614,1,A
TB10,2021,feb,-83.487,27.614,1,B
TB10,2021,feb,-83.487,27.614,1,C
CAL6,2021,feb,-82.480,25.940,1,A
CAL6,2021,feb,-82.480,25.940,1,B
CAL6,2021,feb,-82.480,25.940,1,C
30,2021,feb,-82.210,25.402,1,A
30,2021,feb,-82.210,25.402,1,B
30,2021,feb,-82.210,25.402,1,C
KW4,2021,feb,-82.041,25.014,1,A
KW4,2021,feb,-82.041,25.014,1,B
KW4,2021,feb,-82.041,25.014,1,C
KW1,2021,feb,-81.905,24.654,1,A
KW1,2021,feb,-81.905,24.654,1,B
KW1,2021,feb,-81.905,24.654,1,C
WS,2021,feb,-81.717,24.478,1,A
WS,2021,feb,-81.717,24.478,1,B
WS,2021,feb,-81.717,24.478,1,C
LK,2021,feb,-81.413,24.538,1,A
LK,2021,feb,-81.413,24.538,1,B
LK,2021,feb,-81.413,24.538,1,C
MR,2021,feb,-80.380,25.010,1,A
MR,2021,feb,-80.380,25.010,1,B
MR,2021,feb,-80.380,25.010,1,C
MR,2021,jul,-80.380,25.010,1,A
MR,2021,jul,-80.380,25.010,1,B
MR,2021,jul,-80.380,25.010,1,C
7,2021,jul,-80.757,24.821,1,A
7,2021,jul,-80.757,24.821,1,B
7,2021,jul,-80.757,24.821,1,C
16,2021,jul,-81.205,24.675,1,A
16,2021,jul,-81.205,24.675,1,B
16,2021,jul,-81.205,24.675,1,C
16,2021,aug,-81.205,24.675,1,A
16,2021,aug,-81.205,24.675,1,B
16,2021,aug,-81.205,24.675,1,C
LK,2021,aug,-81.413,24.538,1,A
LK,2021,aug,-81.413,24.538,1,B
LK,2021,aug,-81.413,24.538,1,C
WS,2021,aug,-81.717,24.478,1,A
WS,2021,aug,-81.717,24.478,1,B
WS,2021,aug,-81.717,24.478,1,C
KW1,2021,aug,-81.904,24.654,1,A
KW1,2021,aug,-81.904,24.654,1,B
KW1,2021,aug,-81.904,24.654,1,C
KW4,2021,aug,-82.041,25.014,1,A
KW4,2021,aug,-82.041,25.014,1,B
KW4,2021,aug,-82.041,25.014,1,C
30,2021,aug,-82.210,25.402,1,A
30,2021,aug,-82.210,25.402,1,B
30,2021,aug,-82.210,25.402,1,C
31,2021,aug,-81.943,25.742,1,A
31,2021,aug,-81.943,25.742,1,B
31,2021,aug,-81.943,25.742,1,C
33,2021,aug,-81.800,25.912,1,A
33,2021,aug,-81.800,25.912,1,B
33,2021,aug,-81.800,25.912,1,C
CAL5,2021,aug,-82.217,26.183,1,A
CAL5,2021,aug,-82.217,26.183,1,B
CAL5,2021,aug,-82.217,26.183,1,C
CAL3,2021,aug,-82.044,26.342,1,A
CAL3,2021,aug,-82.044,26.342,1,B
CAL3,2021,aug,-82.044,26.342,1,C
CAL1,2021,aug,-81.960,26.426,1,A
CAL1,2021,aug,-81.960,26.426,1,B
CAL1,2021,aug,-81.960,26.426,1,C
RP1,2021,aug,-82.220,26.545,1,A
RP1,2021,aug,-82.220,26.545,1,B
RP1,2021,aug,-82.220,26.545,1,C
RP3,2021,aug,-82.332,26.550,1,A
RP3,2021,aug,-82.332,26.550,1,B
RP3,2021,aug,-82.332,26.550,1,C
GP5,2021,aug,-82.696,26.596,1,A
GP5,2021,aug,-82.696,26.596,1,B
GP5,2021,aug,-82.696,26.596,1,C
BG4,2021,aug,-82.556,26.631,1,A
BG4,2021,aug,-82.556,26.631,1,B
BG4,2021,aug,-82.556,26.631,1,C
BG2,2021,aug,-82.340,26.686,1,A
BG2,2021,aug,-82.340,26.686,1,B
BG2,2021,aug,-82.340,26.686,1,C
CW1,2021,aug,-82.844,28.014,1,A
CW1,2021,aug,-82.844,28.014,1,B
CW1,2021,aug,-82.844,28.014,1,C
CW4,2021,aug,-83.076,28.012,1,A
CW4,2021,aug,-83.076,28.012,1,B
CW4,2021,aug,-83.076,28.012,1,C
TB1,2021,aug,-83.882,27.801,1,A
TB1,2021,aug,-83.882,27.801,1,B
TB1,2021,aug,-83.882,27.801,1,C
TB3,2021,aug,-83.882,27.802,1,A
TB3,2021,aug,-83.882,27.802,1,B
TB3,2021,aug,-83.882,27.802,1,C
TB10,2021,aug,-83.487,27.614,1,A
TB10,2021,aug,-83.487,27.614,1,B
TB10,2021,aug,-83.487,27.614,1,C
AMI9,2021,aug,-83.503,27.190,1,A
AMI9,2021,aug,-83.503,27.190,1,B
AMI9,2021,aug,-83.503,27.190,1,C
AMI5,2021,aug,-83.128,27.343,1,A
AMI5,2021,aug,-83.128,27.343,1,B
AMI5,2021,aug,-83.128,27.343,1,C
V2,2021,aug,-82.546,27.074,1,A
V2,2021,aug,-82.546,27.074,1,B
V2,2021,aug,-82.546,27.074,1,C
V5,2021,aug,-82.750,26.960,1,A
V5,2021,aug,-82.750,26.960,1,B
V5,2021,aug,-82.750,26.960,1,C
V9,2021,aug,-83.105,26.729,1,A
V9,2021,aug,-83.105,26.729,1,B
V9,2021,aug,-83.105,26.729,1,C
CAL6,2021,aug,-82.480,25.940,1,A
CAL6,2021,aug,-82.480,25.940,1,B
CAL6,2021,aug,-82.480,25.940,1,C
41,2021,aug,-81.575,25.733,1,A
41,2021,aug,-81.575,25.733,1,B
41,2021,aug,-81.575,25.733,1,C
45,2021,aug,-81.471,25.584,1,A
45,2021,aug,-81.471,25.584,1,B
45,2021,aug,-81.471,25.584,1,C
57,2021,aug,-81.265,25.352,1,A
57,2021,aug,-81.265,25.352,1,B
57,2021,aug,-81.265,25.352,1,C
57.3,2021,aug,-81.654,25.352,1,A
57.3,2021,aug,-81.654,25.352,1,B
57.3,2021,aug,-81.654,25.352,1,C
58,2021,aug,-81.653,25.167,1,A
58,2021,aug,-81.653,25.167,1,B
58,2021,aug,-81.653,25.167,1,C
64,2021,aug,-81.157,25.167,1,A
64,2021,aug,-81.157,25.167,1,B
64,2021,aug,-81.157,25.167,1,C
68,2021,aug,-81.167,24.930,1,A
68,2021,aug,-81.167,24.930,1,B
68,2021,aug,-81.167,24.930,1,C
MR,2021,oct,-80.380,25.010,4.3,A
MR,2021,oct,-80.380,25.010,4.3,B
MR,2021,oct,-80.380,25.010,4.3,C
MR,2021,oct,-80.380,25.010,2.2,A
MR,2021,oct,-80.380,25.010,2.2,B
MR,2021,oct,-80.380,25.010,2.2,C
7,2021,oct,-80.757,24.821,1,A
7,2021,oct,-80.757,24.821,1,B
7,2021,oct,-80.757,24.821,1,C
12,2021,oct,-80.832,24.713,1,A
12,2021,oct,-80.832,24.713,1,B
12,2021,oct,-80.832,24.713,1,C
16,2021,oct,-81.205,24.675,1,A
16,2021,oct,-81.205,24.675,1,B
16,2021,oct,-81.205,24.675,1,C
LK,2021,oct,-81.413,24.538,32.3,A
LK,2021,oct,-81.413,24.538,32.3,B
LK,2021,oct,-81.413,24.538,32.3,C
LK,2021,oct,-81.413,24.538,2.8,A
LK,2021,oct,-81.413,24.538,2.8,B
LK,2021,oct,-81.413,24.538,2.8,C
WS,2021,oct,-81.717,24.478,20.89,A
WS,2021,oct,-81.717,24.478,20.89,B
WS,2021,oct,-81.717,24.478,20.89,C
WS,2021,oct,-81.717,24.478,2.7,A
WS,2021,oct,-81.717,24.478,2.7,B
WS,2021,oct,-81.717,24.478,2.7,C
KW1,2021,oct,-81.904,24.654,8.8,A
KW1,2021,oct,-81.904,24.654,8.8,B
KW1,2021,oct,-81.904,24.654,8.8,C
KW4,2021,oct,-82.041,25.014,2.6,A
KW4,2021,oct,-82.041,25.014,2.6,B
KW4,2021,oct,-82.041,25.014,2.6,C
30,2021,oct,-82.210,25.402,2.8,A
30,2021,oct,-82.210,25.402,2.8,B
30,2021,oct,-82.210,25.402,2.8,C
31,2021,oct,-81.943,25.742,2.56,A
31,2021,oct,-81.943,25.742,2.56,B
31,2021,oct,-81.943,25.742,2.56,C
33,2021,oct,-81.800,25.912,3.18,A
33,2021,oct,-81.800,25.912,3.18,B
33,2021,oct,-81.800,25.912,3.18,C
CAL5,2021,oct,-82.217,26.183,3.1,A
CAL5,2021,oct,-82.217,26.183,3.1,B
CAL5,2021,oct,-82.217,26.183,3.1,C
CAL3,2021,oct,-82.044,26.342,2.6,A
CAL3,2021,oct,-82.044,26.342,2.6,B
CAL3,2021,oct,-82.044,26.342,2.6,C
CAL1,2021,oct,-81.960,26.426,3.11,A
CAL1,2021,oct,-81.960,26.426,3.11,B
CAL1,2021,oct,-81.960,26.426,3.11,C
RP1,2021,oct,-82.220,26.545,2.2,A
RP1,2021,oct,-82.220,26.545,2.2,B
RP1,2021,oct,-82.220,26.545,2.2,C
RP3,2021,oct,-82.332,26.550,3.17,A
RP3,2021,oct,-82.332,26.550,3.17,B
RP3,2021,oct,-82.332,26.550,3.17,C
GP5,2021,oct,-82.696,26.596,3.35,A
GP5,2021,oct,-82.696,26.596,3.35,B
BG4,2021,oct,-82.556,26.631,2.83,A
BG2,2021,oct,-82.340,26.686,2.57,A
BG2,2021,oct,-82.340,26.686,2.57,B
BG2,2021,oct,-82.340,26.686,2.57,C
V2,2021,oct,-82.546,27.074,2.6,A
V2,2021,oct,-82.546,27.074,2.6,B
V2,2021,oct,-82.546,27.074,2.6,C
V5,2021,oct,-82.750,26.960,2.42,A
V5,2021,oct,-82.750,26.960,2.42,B
V5,2021,oct,-82.750,26.960,2.42,C
V8,2021,oct,-82.958,-26.831,2.8,A
V8,2021,oct,-82.958,-26.831,2.8,B
V8,2021,oct,-82.958,-26.831,2.8,C
V9,2021,oct,-83.105,26.729,2.93,A
V9,2021,oct,-83.105,26.729,2.93,B
V9,2021,oct,-83.105,26.729,2.93,C
AMI9,2021,oct,-83.503,27.190,2.53,A
AMI9,2021,oct,-83.503,27.190,2.53,B
AMI9,2021,oct,-83.503,27.190,2.53,C
AMI5,2021,oct,-83.128,27.343,2.47,A
AMI5,2021,oct,-83.128,27.343,2.47,B
AMI5,2021,oct,-83.128,27.343,2.47,C
AMI2,2021,oct,-82.847,27.459,2.97,A
AMI2,2021,oct,-82.847,27.459,2.97,B
AMI2,2021,oct,-82.847,27.459,2.97,C
TB1,2021,oct,-83.882,27.801,2.6,A
TB1,2021,oct,-83.882,27.801,2.6,B
TB1,2021,oct,-83.882,27.801,2.6,C
TB4,2021,oct,-83.133,27.619,2.48,A
TB4,2021,oct,-83.133,27.619,2.48,B
TB4,2021,oct,-83.133,27.619,2.48,C
TB10,2021,oct,-83.487,27.614,2.34,A
TB10,2021,oct,-83.487,27.614,2.34,B
TB10,2021,oct,-83.487,27.614,2.34,C
CAL6,2021,oct,-82.480,25.940,2.76,A
CAL6,2021,oct,-82.480,25.940,2.76,B
CAL6,2021,oct,-82.480,25.940,2.76,C
41,2021,oct,-81.575,25.733,2.07,A
41,2021,oct,-81.575,25.733,2.07,B
41,2021,oct,-81.575,25.733,2.07,C
45,2021,oct,-81.471,25.584,2.43,A
45,2021,oct,-81.471,25.584,2.43,B
45,2021,oct,-81.471,25.584,2.43,C
51,2021,oct,-81.308,25.453,2.17,A
51,2021,oct,-81.308,25.453,2.17,B
51,2021,oct,-81.308,25.453,2.17,C
54,2021,oct,-81.153,25.345,2.45,A
54,2021,oct,-81.153,25.345,2.45,B
54,2021,oct,-81.153,25.345,2.45,A
57,2021,oct,-81.266,25.352,2.4,A
57,2021,oct,-81.266,25.352,2.4,B
57,2021,oct,-81.266,25.352,2.4,C
57.3,2021,oct,-81.653,25.352,2.85,A
57.3,2021,oct,-81.653,25.352,2.85,B
57.3,2021,oct,-81.653,25.352,2.85,C
58,2021,oct,-81.653,25.167,2.61,A
58,2021,oct,-81.653,25.167,2.61,B
58,2021,oct,-81.653,25.167,2.61,C
64,2021,oct,-81.157,25.167,2.15,A
64,2021,oct,-81.157,25.167,2.15,B
64,2021,oct,-81.157,25.167,2.15,C
68,2021,oct,-81.167,24.930,2.63,A
68,2021,oct,-81.167,24.930,2.63,B
68,2021,oct,-81.167,24.930,2.63,C
MR,2021,dec,-80.380,25.010,35.84,A
MR,2021,dec,-80.380,25.010,35.84,B
MR,2021,dec,-80.380,25.010,35.84,C
MR,2021,dec,-80.380,25.010,0,A
MR,2021,dec,-80.380,25.010,0,B
MR,2021,dec,-80.380,25.010,0,C
7,2021,dec,-80.757,24.821,3.7,A
7,2021,dec,-80.757,24.821,3.7,B
7,2021,dec,-80.757,24.821,3.7,C
12,2021,dec,-80.832,24.713,32.8,A
12,2021,dec,-80.832,24.713,32.8,B
12,2021,dec,-80.832,24.713,32.8,C
16,2021,dec,-81.205,24.675,2.55,A
16,2021,dec,-81.205,24.675,2.55,B
16,2021,dec,-81.205,24.675,2.55,C
LK,2021,dec,-81.413,24.538,37.96,A
LK,2021,dec,-81.413,24.538,37.96,B
LK,2021,dec,-81.413,24.538,37.96,C
LK,2021,dec,-81.413,24.538,2.76,A
LK,2021,dec,-81.413,24.538,2.76,B
LK,2021,dec,-81.413,24.538,2.76,C
WS,2021,dec,-81.717,24.478,21.6,A
WS,2021,dec,-81.717,24.478,21.6,B
WS,2021,dec,-81.717,24.478,21.6,C
WS,2021,dec,-81.717,24.478,2.5,A
WS,2021,dec,-81.717,24.478,2.5,B
WS,2021,dec,-81.717,24.478,2.5,C
KW1,2021,dec,-81.904,24.654,1.913,A
KW1,2021,dec,-81.904,24.654,1.913,B
KW1,2021,dec,-81.904,24.654,1.913,C
KW4,2021,dec,-82.041,25.014,1,A
KW4,2021,dec,-82.041,25.014,1,B
KW4,2021,dec,-82.041,25.014,1,C
30,2021,dec,-82.210,25.402,1,A
30,2021,dec,-82.210,25.402,1,B
30,2021,dec,-82.210,25.402,1,C
31,2021,dec,-81.943,25.742,1,A
31,2021,dec,-81.943,25.742,1,B
31,2021,dec,-81.943,25.742,1,C
33,2021,dec,-81.800,25.912,1,A
33,2021,dec,-81.800,25.912,1,B
33,2021,dec,-81.800,25.912,1,C
CAL5,2021,dec,-82.217,26.183,2.6,A
CAL5,2021,dec,-82.217,26.183,2.6,B
CAL5,2021,dec,-82.217,26.183,2.6,C
CAL3,2021,dec,-82.044,26.342,2.58,A
CAL3,2021,dec,-82.044,26.342,2.58,B
CAL3,2021,dec,-82.044,26.342,2.58,C
CAL1,2021,dec,-81.960,26.426,2.236,A
CAL1,2021,dec,-81.960,26.426,2.236,B
CAL1,2021,dec,-81.960,26.426,2.236,C
RP1,2021,dec,-82.220,26.545,2.63,A
RP1,2021,dec,-82.220,26.545,2.63,B
RP1,2021,dec,-82.220,26.545,2.63,C
RP3,2021,dec,-82.332,26.550,2.78,A
RP3,2021,dec,-82.332,26.550,2.78,B
RP3,2021,dec,-82.332,26.550,2.78,C
GP5,2021,dec,-82.696,26.596,2.346,A
GP5,2021,dec,-82.696,26.596,2.346,B
GP5,2021,dec,-82.696,26.596,2.346,C
BG4,2021,dec,-82.556,26.631,2.577,A
BG4,2021,dec,-82.556,26.631,2.577,B
BG4,2021,dec,-82.556,26.631,2.577,C
BG2,2021,dec,-82.340,26.686,2.124,A
BG2,2021,dec,-82.340,26.686,2.124,B
BG2,2021,dec,-82.340,26.686,2.124,C
V2,2021,dec,-82.546,27.074,2.443,A
V2,2021,dec,-82.546,27.074,2.443,B
V2,2021,dec,-82.546,27.074,2.443,C
V5,2021,dec,-82.750,26.960,2.299,A
V5,2021,dec,-82.750,26.960,2.299,B
V5,2021,dec,-82.750,26.960,2.299,C
V8,2021,dec,-82.958,-26.831,2.249,A
V8,2021,dec,-82.958,-26.831,2.249,B
V8,2021,dec,-82.958,-26.831,2.249,C
V9,2021,dec,-83.105,26.729,2.463,A
V9,2021,dec,-83.105,26.729,2.463,B
V9,2021,dec,-83.105,26.729,2.463,C
AMI9,2021,dec,-83.503,27.190,2.11,A
AMI9,2021,dec,-83.503,27.190,2.11,B
AMI9,2021,dec,-83.503,27.190,2.11,C
AMI5,2021,dec,-83.128,27.343,2.77,A
AMI5,2021,dec,-83.128,27.343,2.77,B
AMI5,2021,dec,-83.128,27.343,2.77,C
AMI2,2021,dec,-82.847,27.459,2.05,A
AMI2,2021,dec,-82.847,27.459,2.05,B
AMI2,2021,dec,-82.847,27.459,2.05,C
TB1,2021,dec,-83.882,27.801,2.6,A
TB1,2021,dec,-83.882,27.801,2.6,B
TB1,2021,dec,-83.882,27.801,2.6,C
TB4,2021,dec,-83.133,27.619,2.7,A
TB4,2021,dec,-83.133,27.619,2.7,B
TB4,2021,dec,-83.133,27.619,2.7,C
TB10,2021,dec,-83.487,27.614,2.44,A
TB10,2021,dec,-83.487,27.614,2.44,B
TB10,2021,dec,-83.487,27.614,2.44,C
CAL6,2021,dec,-82.480,25.940,2.27,A
CAL6,2021,dec,-82.480,25.940,2.27,B
CAL6,2021,dec,-82.480,25.940,2.27,C
41,2021,dec,-81.575,25.733,2.813,A
41,2021,dec,-81.575,25.733,2.813,B
41,2021,dec,-81.575,25.733,2.813,C
45,2021,dec,-81.471,25.584,2.97,A
45,2021,dec,-81.471,25.584,2.97,B
45,2021,dec,-81.471,25.584,2.97,C
51,2021,dec,-81.308,25.453,2.71,A
51,2021,dec,-81.308,25.453,2.71,B
51,2021,dec,-81.308,25.453,2.71,C
54,2021,dec,-81.153,25.345,2.55,A
54,2021,dec,-81.153,25.345,2.55,B
54,2021,dec,-81.153,25.345,2.55,C
57,2021,dec,-81.266,25.352,2.16,A
57,2021,dec,-81.266,25.352,2.16,B
57,2021,dec,-81.266,25.352,2.16,C
57.3,2021,dec,-81.653,25.352,2.03,A
57.3,2021,dec,-81.653,25.352,2.03,B
57.3,2021,dec,-81.653,25.352,2.03,C
58,2021,dec,-81.653,25.167,2.51,A
58,2021,dec,-81.653,25.167,2.51,B
58,2021,dec,-81.653,25.167,2.51,C
64,2021,dec,-81.157,25.167,2.692,A
64,2021,dec,-81.157,25.167,2.692,B
64,2021,dec,-81.157,25.167,2.692,C
68,2021,dec,-81.167,24.930,2.608,A
68,2021,dec,-81.167,24.930,2.608,B
68,2021,dec,-81.167,24.930,2.608,C
MR,2022,jan,-80.380,25.010,2.664,A
MR,2022,jan,-80.380,25.010,2.664,B
MR,2022,jan,-80.380,25.010,2.664,C
MR,2022,jan,-80.380,25.010,33.61,A
MR,2022,jan,-80.380,25.010,33.61,B
MR,2022,jan,-80.380,25.010,33.61,C
7,2022,jan,-80.757,24.821,2.51,A
7,2022,jan,-80.757,24.821,2.51,B
7,2022,jan,-80.757,24.821,2.51,C
12,2022,jan,-80.832,24.713,2.63,A
12,2022,jan,-80.832,24.713,2.63,B
12,2022,jan,-80.832,24.713,2.63,C
16,2022,jan,-81.205,24.675,1.49,A
16,2022,jan,-81.205,24.675,1.49,B
16,2022,jan,-81.205,24.675,1.49,C
LK,2022,jan,-81.413,24.538,37.14,A
LK,2022,jan,-81.413,24.538,37.14,B
LK,2022,jan,-81.413,24.538,37.14,C
LK,2022,jan,-81.413,24.538,1.85,A
LK,2022,jan,-81.413,24.538,1.85,B
LK,2022,jan,-81.413,24.538,1.85,C
WS,2022,jan,-81.717,24.478,22.195,A
WS,2022,jan,-81.717,24.478,22.195,B
WS,2022,jan,-81.717,24.478,22.195,C
WS,2022,jan,-81.717,24.478,2.36,A
WS,2022,jan,-81.717,24.478,2.36,B
WS,2022,jan,-81.717,24.478,2.36,C
KW1,2022,jan,-81.904,24.654,1.57,A
KW1,2022,jan,-81.904,24.654,1.57,B
KW1,2022,jan,-81.904,24.654,1.57,C
KW4,2022,jan,-82.041,25.014,3.1,A
KW4,2022,jan,-82.041,25.014,3.1,B
KW4,2022,jan,-82.041,25.014,3.1,C
30,2022,jan,-82.210,25.402,3.34,A
30,2022,jan,-82.210,25.402,3.34,B
30,2022,jan,-82.210,25.402,3.34,C
31,2022,jan,-81.943,25.742,2.55,A
31,2022,jan,-81.943,25.742,2.55,B
31,2022,jan,-81.943,25.742,2.55,C
33,2022,jan,-81.800,25.912,2.26,A
33,2022,jan,-81.800,25.912,2.26,B
33,2022,jan,-81.800,25.912,2.26,C
CAL5,2022,jan,-82.217,26.183,3.57,A
CAL5,2022,jan,-82.217,26.183,3.57,B
CAL5,2022,jan,-82.217,26.183,3.57,C
CAL3,2022,jan,-82.044,26.342,2.21,A
CAL3,2022,jan,-82.044,26.342,2.21,B
CAL3,2022,jan,-82.044,26.342,2.21,C
CAL1,2022,jan,-81.960,26.426,2.3,A
CAL1,2022,jan,-81.960,26.426,2.3,B
CAL1,2022,jan,-81.960,26.426,2.3,C
RP1,2022,jan,-82.220,26.545,1.86,A
RP1,2022,jan,-82.220,26.545,1.86,B
RP1,2022,jan,-82.220,26.545,1.86,C
RP3,2022,jan,-82.332,26.550,2.71,A
RP3,2022,jan,-82.332,26.550,2.71,B
RP3,2022,jan,-82.332,26.550,2.71,C
GP5,2022,jan,-82.696,26.596,2.61,A
GP5,2022,jan,-82.696,26.596,2.61,B
GP5,2022,jan,-82.696,26.596,2.61,C
BG4,2022,jan,-82.556,26.631,2.774,A
BG4,2022,jan,-82.556,26.631,2.774,B
BG4,2022,jan,-82.556,26.631,2.774,C
BG2,2022,jan,-82.340,26.686,2.4,A
BG2,2022,jan,-82.340,26.686,2.4,B
BG2,2022,jan,-82.340,26.686,2.4,C
V2,2022,jan,-82.546,27.074,1.93,A
V2,2022,jan,-82.546,27.074,1.93,B
V2,2022,jan,-82.546,27.074,1.93,C
V5,2022,jan,-82.750,26.960,2.25,A
V5,2022,jan,-82.750,26.960,2.25,B
V5,2022,jan,-82.750,26.960,2.25,C
V8,2022,jan,-82.958,-26.831,2.6,A
V8,2022,jan,-82.958,-26.831,2.6,B
V8,2022,jan,-82.958,-26.831,2.6,C
V9,2022,jan,-83.105,26.729,2.35,A
V9,2022,jan,-83.105,26.729,2.35,B
V9,2022,jan,-83.105,26.729,2.35,C
AMI9,2022,jan,-83.503,27.190,3.8,A
AMI9,2022,jan,-83.503,27.190,3.8,B
AMI9,2022,jan,-83.503,27.190,3.8,C
AMI2,2022,jan,-82.847,27.459,2.959,A
AMI2,2022,jan,-82.847,27.459,2.959,B
AMI2,2022,jan,-82.847,27.459,2.959,C
TB1,2022,jan,-83.882,27.801,2.51,A
TB1,2022,jan,-83.882,27.801,2.51,B
TB1,2022,jan,-83.882,27.801,2.51,C
TB4,2022,jan,-83.133,27.619,2.5,A
TB4,2022,jan,-83.133,27.619,2.5,B
TB4,2022,jan,-83.133,27.619,2.5,C
TB10,2022,jan,-83.487,27.614,2.29,A
TB10,2022,jan,-83.487,27.614,2.29,B
TB10,2022,jan,-83.487,27.614,2.29,C
CAL6,2022,jan,-82.480,25.940,3.3,A
CAL6,2022,jan,-82.480,25.940,3.3,B
CAL6,2022,jan,-82.480,25.940,3.3,C
41,2022,jan,-81.575,25.733,2.37,A
41,2022,jan,-81.575,25.733,2.37,B
41,2022,jan,-81.575,25.733,2.37,C
45,2022,jan,-81.471,25.584,3.39,A
45,2022,jan,-81.471,25.584,3.39,B
45,2022,jan,-81.471,25.584,3.39,C
51,2022,jan,-81.308,25.453,2.21,A
51,2022,jan,-81.308,25.453,2.21,B
51,2022,jan,-81.308,25.453,2.21,C
54,2022,jan,-81.153,25.345,2.16,A
54,2022,jan,-81.153,25.345,2.16,B
54,2022,jan,-81.153,25.345,2.16,C
57,2022,jan,-81.266,25.352,2.196,A
57,2022,jan,-81.266,25.352,2.196,B
57,2022,jan,-81.266,25.352,2.196,C
57.3,2022,jan,-81.653,25.352,2.046,A
57.3,2022,jan,-81.653,25.352,2.046,B
57.3,2022,jan,-81.653,25.352,2.046,C
58,2022,jan,-81.653,25.167,2.528,A
58,2022,jan,-81.653,25.167,2.528,B
58,2022,jan,-81.653,25.167,2.528,C
64,2022,jan,-81.157,25.167,2.453,A
64,2022,jan,-81.157,25.167,2.453,B
64,2022,jan,-81.157,25.167,2.453,C
68,2022,jan,-81.167,24.930,2.247,A
68,2022,jan,-81.167,24.930,2.247,B
68,2022,jan,-81.167,24.930,2.247,C
68,2022,mar,-81.167,24.930,3.6,A
68,2022,mar,-81.167,24.930,3.6,B
68,2022,mar,-81.167,24.930,3.6,C
64,2022,mar,-81.157,25.167,2.37,A
64,2022,mar,-81.157,25.167,2.37,B
64,2022,mar,-81.157,25.167,2.37,C
58,2022,mar,-81.653,25.167,2.59,A
58,2022,mar,-81.653,25.167,2.59,B
58,2022,mar,-81.653,25.167,2.59,C
57.3,2022,mar,-81.653,25.352,2.48,A
57.3,2022,mar,-81.653,25.352,2.48,B
57.3,2022,mar,-81.653,25.352,2.48,C
57,2022,mar,-81.266,25.352,2.52,A
57,2022,mar,-81.266,25.352,2.52,B
57,2022,mar,-81.266,25.352,2.52,C
54,2022,mar,-81.153,25.345,2.48,A
54,2022,mar,-81.153,25.345,2.48,B
54,2022,mar,-81.153,25.345,2.48,C
51,2022,mar,-81.308,25.453,2.4,A
51,2022,mar,-81.308,25.453,2.4,B
51,2022,mar,-81.308,25.453,2.4,C
45,2022,mar,-81.471,25.584,2.24,A
45,2022,mar,-81.471,25.584,2.24,B
45,2022,mar,-81.471,25.584,2.24,C
41,2022,mar,-81.575,25.733,2.85,A
41,2022,mar,-81.575,25.733,2.85,B
41,2022,mar,-81.575,25.733,2.85,C
31,2022,mar,-81.943,25.742,2.05,A
31,2022,mar,-81.943,25.742,2.05,B
31,2022,mar,-81.943,25.742,2.05,C
33,2022,mar,-81.800,25.912,2.37,A
33,2022,mar,-81.800,25.912,2.37,B
33,2022,mar,-81.800,25.912,2.37,C
CAL5,2022,mar,-82.217,26.183,2.84,A
CAL5,2022,mar,-82.217,26.183,2.84,B
CAL5,2022,mar,-82.217,26.183,2.84,C
CAL3,2022,mar,-82.044,26.342,2.79,A
CAL3,2022,mar,-82.044,26.342,2.79,B
CAL3,2022,mar,-82.044,26.342,2.79,C
CAL1,2022,mar,-81.960,26.426,2.38,A
CAL1,2022,mar,-81.960,26.426,2.38,B
CAL1,2022,mar,-81.960,26.426,2.38,C
RP1,2022,mar,-82.220,26.545,2.61,A
RP1,2022,mar,-82.220,26.545,2.61,B
RP1,2022,mar,-82.220,26.545,2.61,C
RP3,2022,mar,-82.332,26.550,2.31,A
RP3,2022,mar,-82.332,26.550,2.31,B
RP3,2022,mar,-82.332,26.550,2.31,C
GP5,2022,mar,-82.696,26.596,2.48,A
GP5,2022,mar,-82.696,26.596,2.48,B
GP5,2022,mar,-82.696,26.596,2.48,C
BG4,2022,mar,-82.556,26.631,2.35,A
BG4,2022,mar,-82.556,26.631,2.35,B
BG4,2022,mar,-82.556,26.631,2.35,C
BG2,2022,mar,-82.340,26.686,2.66,A
BG2,2022,mar,-82.340,26.686,2.66,B
BG2,2022,mar,-82.340,26.686,2.66,C
V2,2022,mar,-82.546,27.074,2.04,A
V2,2022,mar,-82.546,27.074,2.04,B
V2,2022,mar,-82.546,27.074,2.04,C
V5,2022,mar,-82.750,26.960,2.53,A
V5,2022,mar,-82.750,26.960,2.53,B
V5,2022,mar,-82.750,26.960,2.53,C
V8,2022,mar,-82.958,-26.831,2.79,A
V8,2022,mar,-82.958,-26.831,2.79,B
V8,2022,mar,-82.958,-26.831,2.79,C
V9,2022,mar,-83.105,26.729,2.97,A
V9,2022,mar,-83.105,26.729,2.97,B
V9,2022,mar,-83.105,26.729,2.97,C
AMI9,2022,mar,-83.503,27.190,2.2,A
AMI9,2022,mar,-83.503,27.190,2.2,B
AMI9,2022,mar,-83.503,27.190,2.2,C
AMI5,2022,mar,-83.128,27.343,2.33,A
AMI5,2022,mar,-83.128,27.343,2.33,B
AMI5,2022,mar,-83.128,27.343,2.33,C
AMI2,2022,mar,-82.847,27.459,2.43,A
AMI2,2022,mar,-82.847,27.459,2.43,B
AMI2,2022,mar,-82.847,27.459,2.43,C
TB1,2022,mar,-83.882,27.801,2.14,A
TB1,2022,mar,-83.882,27.801,2.14,B
TB1,2022,mar,-83.882,27.801,2.14,C
TB4,2022,mar,-83.133,27.619,2.64,A
TB4,2022,mar,-83.133,27.619,2.64,B
TB4,2022,mar,-83.133,27.619,2.64,C
TB10,2022,mar,-83.487,27.614,2.41,A
TB10,2022,mar,-83.487,27.614,2.41,B
TB10,2022,mar,-83.487,27.614,2.41,C
CAL6,2022,mar,-82.480,25.940,2.24,A
CAL6,2022,mar,-82.480,25.940,2.24,B
CAL6,2022,mar,-82.480,25.940,2.24,C
30,2022,mar,-82.210,25.402,2.32,A
30,2022,mar,-82.210,25.402,2.32,B
30,2022,mar,-82.210,25.402,2.32,C
LK,2022,mar,-81.413,24.538,2.18,A
LK,2022,mar,-81.413,24.538,2.18,B
LK,2022,mar,-81.413,24.538,2.18,C
LK,2022,mar,-81.413,24.538,39.2,A
LK,2022,mar,-81.413,24.538,39.2,B
LK,2022,mar,-81.413,24.538,39.2,C
KW4,2022,mar,-82.041,25.014,2.42,A
KW4,2022,mar,-82.041,25.014,2.42,B
KW4,2022,mar,-82.041,25.014,2.42,C
KW1,2022,mar,-81.904,24.654,2.41,A
KW1,2022,mar,-81.904,24.654,2.41,B
KW1,2022,mar,-81.904,24.654,2.41,C
WS,2022,mar,-81.717,24.478,2.45,A
WS,2022,mar,-81.717,24.478,2.45,B
WS,2022,mar,-81.717,24.478,2.45,C
16,2022,mar,-81.205,24.675,2.84,A
16,2022,mar,-81.205,24.675,2.84,B
16,2022,mar,-81.205,24.675,2.84,C
12,2022,mar,-80.832,24.713,2.32,A
12,2022,mar,-80.832,24.713,2.32,B
12,2022,mar,-80.832,24.713,2.32,C
7,2022,mar,-80.757,24.821,1,A
7,2022,mar,-80.757,24.821,1,B
7,2022,mar,-80.757,24.821,1,C
MR,2022,mar,-80.380,25.010,2.62,A
MR,2022,mar,-80.380,25.010,2.62,B
MR,2022,mar,-80.380,25.010,2.62,C
MR,2022,mar,-80.380,25.010,35.65,A
MR,2022,mar,-80.380,25.010,35.65,B
MR,2022,mar,-80.380,25.010,35.65,C
MR,2022,may,-80.380,25.010,36.34,A
MR,2022,may,-80.380,25.010,36.34,B
MR,2022,may,-80.380,25.010,36.34,C
MR,2022,may,-80.380,25.010,2.43,A
MR,2022,may,-80.380,25.010,2.43,B
MR,2022,may,-80.380,25.010,2.43,C
7,2022,may,-80.757,24.821,2.08,A
7,2022,may,-80.757,24.821,2.08,B
7,2022,may,-80.757,24.821,2.08,C
12,2022,may,-80.832,24.713,2.85,A
12,2022,may,-80.832,24.713,2.85,B
12,2022,may,-80.832,24.713,2.85,C
16,2022,may,-81.205,24.675,5.84,A
16,2022,may,-81.205,24.675,5.84,B
16,2022,may,-81.205,24.675,5.84,C
LK,2022,may,-81.413,24.538,39.4,A
LK,2022,may,-81.413,24.538,39.4,B
LK,2022,may,-81.413,24.538,39.4,C
LK,2022,may,-81.413,24.538,3.13,A
LK,2022,may,-81.413,24.538,3.13,B
LK,2022,may,-81.413,24.538,3.13,C
WS,2022,may,-81.717,24.478,19.98,A
WS,2022,may,-81.717,24.478,19.98,B
WS,2022,may,-81.717,24.478,19.98,C
WS,2022,may,-81.717,24.478,3.25,A
WS,2022,may,-81.717,24.478,3.25,B
WS,2022,may,-81.717,24.478,3.25,C
KW1,2022,may,-81.904,24.654,2.796,A
KW1,2022,may,-81.904,24.654,2.796,B
KW1,2022,may,-81.904,24.654,2.796,C
KW4,2022,may,-82.041,25.014,2.7,A
KW4,2022,may,-82.041,25.014,2.7,B
KW4,2022,may,-82.041,25.014,2.7,C
30,2022,may,-82.210,25.402,2.8,A
30,2022,may,-82.210,25.402,2.8,B
30,2022,may,-82.210,25.402,2.8,C
31,2022,may,-81.943,25.742,2.9,A
31,2022,may,-81.943,25.742,2.9,B
31,2022,may,-81.943,25.742,2.9,C
33,2022,may,-81.800,25.912,2.05,A
33,2022,may,-81.800,25.912,2.05,B
33,2022,may,-81.800,25.912,2.05,C
CAL5,2022,may,-82.217,26.183,3.075,A
CAL5,2022,may,-82.217,26.183,3.075,B
CAL5,2022,may,-82.217,26.183,3.075,C
CAL3,2022,may,-82.044,26.342,2.84,A
CAL3,2022,may,-82.044,26.342,2.84,B
CAL3,2022,may,-82.044,26.342,2.84,C
CAL1,2022,may,-81.960,26.426,2.42,A
CAL1,2022,may,-81.960,26.426,2.42,B
CAL1,2022,may,-81.960,26.426,2.42,C
RP3,2022,may,-82.332,26.550,1,A
RP3,2022,may,-82.332,26.550,0,B
RP3,2022,may,-82.332,26.550,0,C
RP1,2022,may,-82.220,26.550,2.8,A
RP1,2022,may,-82.220,26.550,2.8,B
RP1,2022,may,-82.220,26.550,2.8,C
BG4,2022,may,-82.556,26.631,1,A
BG4,2022,may,-82.556,26.631,0,B
BG4,2022,may,-82.556,26.631,0,C
GP5,2022,may,-82.696,26.596,1,A
GP5,2022,may,-82.696,26.596,0,B
GP5,2022,may,-82.696,26.596,0,C
BG2,2022,may,-82.340,26.686,2.3,A
BG2,2022,may,-82.340,26.686,2.3,B
BG2,2022,may,-82.340,26.686,2.3,C
V2,2022,may,-82.546,27.074,2.18,A
V2,2022,may,-82.546,27.074,2.18,B
V2,2022,may,-82.546,27.074,2.18,C
V5,2022,may,-82.750,26.960,2.43,A
V5,2022,may,-82.750,26.960,2.43,B
V5,2022,may,-82.750,26.960,2.43,C
V8,2022,may,-82.958,-26.831,3.4,A
V8,2022,may,-82.958,-26.831,3.4,B
V8,2022,may,-82.958,-26.831,3.4,C
V9,2022,may,-83.105,26.729,2.33,A
V9,2022,may,-83.105,26.729,2.33,B
V9,2022,may,-83.105,26.729,2.33,C
AMI9,2022,may,-83.503,27.190,3.4,A
AMI9,2022,may,-83.503,27.190,3.4,B
AMI9,2022,may,-83.503,27.190,3.4,C
AMI5,2022,may,-83.128,27.343,3.4,A
AMI5,2022,may,-83.128,27.343,3.4,B
AMI5,2022,may,-83.128,27.343,3.4,C
AMI2,2022,may,-82.847,27.459,2.8,A
AMI2,2022,may,-82.847,27.459,2.8,B
AMI2,2022,may,-82.847,27.459,2.8,C
TB1,2022,may,-83.882,27.801,2.4,A
TB1,2022,may,-83.882,27.801,2.4,B
TB1,2022,may,-83.882,27.801,2.4,C
TB4,2022,may,-83.133,27.619,2.4,A
TB4,2022,may,-83.133,27.619,2.4,B
TB4,2022,may,-83.133,27.619,2.4,C
TB10,2022,may,-83.487,27.614,2.45,A
TB10,2022,may,-83.487,27.614,2.45,B
TB10,2022,may,-83.487,27.614,2.45,C
41,2022,may,-81.575,25.733,2.075,A
41,2022,may,-81.575,25.733,2.075,B
41,2022,may,-81.575,25.733,2.075,C
45,2022,may,-81.471,25.584,2.5,A
45,2022,may,-81.471,25.584,2.5,B
45,2022,may,-81.471,25.584,2.5,C
51,2022,may,-81.308,25.453,2.2,A
51,2022,may,-81.308,25.453,2.2,B
51,2022,may,-81.308,25.453,2.2,C
57,2022,may,-81.266,25.352,2.36,A
57,2022,may,-81.266,25.352,2.36,B
57,2022,may,-81.266,25.352,2.36,C
54,2022,may,-81.153,25.345,2.5,A
54,2022,may,-81.153,25.345,2.5,B
54,2022,may,-81.153,25.345,2.5,C
57.3,2022,may,-81.653,25.352,2.7,A
57.3,2022,may,-81.653,25.352,2.7,B
57.3,2022,may,-81.653,25.352,2.7,C
58,2022,may,-81.653,25.167,2.5,A
58,2022,may,-81.653,25.167,2.5,B
58,2022,may,-81.653,25.167,2.5,C
64,2022,may,-81.157,25.167,2.4,A
64,2022,may,-81.157,25.167,2.4,B
64,2022,may,-81.157,25.167,2.4,C
68,2022,may,-81.167,24.930,2.06,A
68,2022,may,-81.167,24.930,2.06,B
68,2022,may,-81.167,24.930,2.06,C
TB1,2022,aug,-83.882,27.801,1.88,A
TB1,2022,aug,-83.882,27.801,1.88,B
TB1,2022,aug,-83.882,27.801,1.88,C
TB4,2022,aug,-83.133,27.619,2.14,A
TB4,2022,aug,-83.133,27.619,2.14,B
TB4,2022,aug,-83.133,27.619,2.14,C
V2,2022,aug,-82.546,27.074,1.7,A
V2,2022,aug,-82.546,27.074,1.7,B
V2,2022,aug,-82.546,27.074,1.7,C
V5,2022,aug,-82.750,26.960,2.3,A
V5,2022,aug,-82.750,26.960,2.3,B
V5,2022,aug,-82.750,26.960,2.3,C
BG4,2022,aug,-82.556,26.631,1.6,A
BG4,2022,aug,-82.556,26.631,1.6,B
BG4,2022,aug,-82.556,26.631,1.6,C
GP5,2022,aug,-82.696,26.596,1.2,A
GP5,2022,aug,-82.696,26.596,1.2,B
GP5,2022,aug,-82.696,26.596,1.2,C
BG2,2022,aug,-82.340,26.686,1.4,A
BG2,2022,aug,-82.340,26.686,1.4,B
BG2,2022,aug,-82.340,26.686,1.4,C
RP3,2022,aug,-82.332,26.550,1.2,A
RP3,2022,aug,-82.332,26.550,1.2,B
RP3,2022,aug,-82.332,26.550,1.2,C
RP1,2022,aug,-82.220,26.545,1.5,A
RP1,2022,aug,-82.220,26.545,1.5,B
RP1,2022,aug,-82.220,26.545,1.5,C
CAL1,2022,aug,-81.960,26.426,1.29,A
CAL1,2022,aug,-81.960,26.426,1.29,B
CAL1,2022,aug,-81.960,26.426,1.29,C
CAL3,2022,aug,-82.044,26.342,1.34,A
CAL3,2022,aug,-82.044,26.342,1.34,B
CAL3,2022,aug,-82.044,26.342,1.34,C
CAL5,2022,aug,-82.217,26.183,1.216,A
CAL5,2022,aug,-82.217,26.183,1.216,B
CAL5,2022,aug,-82.217,26.183,1.216,C
CAL6,2022,aug,-82.480,25.940,1.69,A
CAL6,2022,aug,-82.480,25.940,1.69,B
CAL6,2022,aug,-82.480,25.940,1.69,C
30,2022,aug,-82.210,25.402,1.9,A
30,2022,aug,-82.210,25.402,1.9,B
30,2022,aug,-82.210,25.402,1.9,C
31,2022,aug,-81.943,25.742,1.7,A
31,2022,aug,-81.943,25.742,1.7,B
31,2022,aug,-81.943,25.742,1.7,C
33,2022,aug,-81.800,25.912,1.4,A
33,2022,aug,-81.800,25.912,1.4,B
33,2022,aug,-81.800,25.912,1.4,C
41,2022,aug,-81.575,25.733,1.45,A
41,2022,aug,-81.575,25.733,1.45,B
41,2022,aug,-81.575,25.733,1.45,C
45,2022,aug,-81.471,25.584,1.21,A
45,2022,aug,-81.471,25.584,1.21,B
45,2022,aug,-81.471,25.584,1.21,C
51,2022,aug,-81.308,25.453,1.27,A
51,2022,aug,-81.308,25.453,1.27,B
51,2022,aug,-81.308,25.453,1.27,C
57,2022,aug,-81.266,25.352,1.32,A
57,2022,aug,-81.266,25.352,1.32,B
57,2022,aug,-81.266,25.352,1.32,C
57.3,2022,aug,-81.653,25.352,1.186,A
57.3,2022,aug,-81.653,25.352,1.186,B
57.3,2022,aug,-81.653,25.352,1.186,C
58,2022,aug,-81.653,25.167,1.448,A
58,2022,aug,-81.653,25.167,1.448,B
58,2022,aug,-81.653,25.167,1.448,C
60,2022,aug,-81.336,25.169,1.5,A
60,2022,aug,-81.336,25.169,1.5,B
60,2022,aug,-81.336,25.169,1.5,C
68,2022,aug,-81.167,24.930,1.5,A
68,2022,aug,-81.167,24.930,1.5,B
68,2022,aug,-81.167,24.930,1.5,C
KW1,2022,aug,-81.904,24.654,2.97,A
KW1,2022,aug,-81.904,24.654,2.97,B
KW1,2022,aug,-81.904,24.654,2.97,C
WS,2022,aug,-81.717,24.478,18.63,A
WS,2022,aug,-81.717,24.478,18.63,B
WS,2022,aug,-81.717,24.478,18.63,C
WS,2022,aug,-81.717,24.478,2.81,A
WS,2022,aug,-81.717,24.478,2.81,B
WS,2022,aug,-81.717,24.478,2.81,C
LK,2022,aug,-81.413,24.538,29.61,A
LK,2022,aug,-81.413,24.538,29.61,B
LK,2022,aug,-81.413,24.538,29.61,C
LK,2022,aug,-81.413,24.538,2.22,A
LK,2022,aug,-81.413,24.538,2.22,B
LK,2022,aug,-81.413,24.538,2.22,C
16,2022,aug,-81.205,24.675,1.113,A
16,2022,aug,-81.205,24.675,1.113,B
16,2022,aug,-81.205,24.675,1.113,C
12,2022,aug,-80.832,24.713,1.9,A
12,2022,aug,-80.832,24.713,1.9,B
12,2022,aug,-80.832,24.713,1.9,C
MR,2022,aug,-80.380,25.010,9.3,A
MR,2022,aug,-80.380,25.010,9.3,B
MR,2022,aug,-80.380,25.010,9.3,C
KW4,2022,aug,-82.041,25.014,1.773,A
KW4,2022,aug,-82.041,25.014,1.773,B
KW4,2022,aug,-82.041,25.014,1.773,C
MR,2022,sep,-80.380,25.010,1.97,A
MR,2022,sep,-80.380,25.010,1.97,B
MR,2022,sep,-80.380,25.010,1.97,C
MR,2022,oct,-80.380,25.010,32.71,A
MR,2022,oct,-80.380,25.010,32.71,B
MR,2022,oct,-80.380,25.010,32.71,C
MR,2022,oct,-80.380,25.010,2.453,A
MR,2022,oct,-80.380,25.010,2.453,B
MR,2022,oct,-80.380,25.010,2.453,C
7,2022,oct,-80.757,24.821,3.7,A
7,2022,oct,-80.757,24.821,3.7,B
7,2022,oct,-80.757,24.821,3.7,C
12,2022,oct,-80.832,24.713,4.03,A
12,2022,oct,-80.832,24.713,4.03,B
12,2022,oct,-80.832,24.713,4.03,C
16,2022,oct,-81.205,24.675,4.2,A
16,2022,oct,-81.205,24.675,4.2,B
16,2022,oct,-81.205,24.675,4.2,C
LK,2022,oct,-81.413,24.538,2.24,A
LK,2022,oct,-81.413,24.538,2.24,B
LK,2022,oct,-81.413,24.538,2.24,C
LK,2022,oct,-81.413,24.538,35,A
LK,2022,oct,-81.413,24.538,35,B
LK,2022,oct,-81.413,24.538,35,C
WS,2022,oct,-81.717,24.478,22.85,A
WS,2022,oct,-81.717,24.478,22.85,B
WS,2022,oct,-81.717,24.478,22.85,C
WS,2022,oct,-81.717,24.478,2.86,A
WS,2022,oct,-81.717,24.478,2.86,B
WS,2022,oct,-81.717,24.478,2.86,C
KW1,2022,oct,-81.904,24.654,2.2,A
KW1,2022,oct,-81.904,24.654,2.2,B
KW1,2022,oct,-81.904,24.654,2.2,C
KW4,2022,oct,-82.041,25.014,1.83,A
KW4,2022,oct,-82.041,25.014,1.83,B
KW4,2022,oct,-82.041,25.014,1.83,C
30,2022,oct,-82.210,25.402,2.5,A
30,2022,oct,-82.210,25.402,2.5,B
30,2022,oct,-82.210,25.402,2.5,C
31,2022,oct,-81.943,25.742,2.6,A
31,2022,oct,-81.943,25.742,2.6,B
31,2022,oct,-81.943,25.742,2.6,C
33,2022,oct,-81.800,25.912,2.1,A
33,2022,oct,-81.800,25.912,2.1,B
33,2022,oct,-81.800,25.912,2.1,C
CAL5,2022,oct,-82.217,26.183,2.33,A
CAL5,2022,oct,-82.217,26.183,2.33,B
CAL5,2022,oct,-82.217,26.183,2.33,C
CAL3,2022,oct,-82.044,26.342,2.83,A
CAL3,2022,oct,-82.044,26.342,2.83,B
CAL3,2022,oct,-82.044,26.342,2.83,C
CAL1,2022,oct,-81.960,26.426,2.25,A
CAL1,2022,oct,-81.960,26.426,2.25,B
CAL1,2022,oct,-81.960,26.426,2.25,C
RP1,2022,oct,-82.220,26.545,2.29,A
RP1,2022,oct,-82.220,26.545,2.29,B
RP1,2022,oct,-82.220,26.545,2.29,C
RP3,2022,oct,-82.332,26.550,2.8,A
RP3,2022,oct,-82.332,26.550,2.8,B
RP3,2022,oct,-82.332,26.550,2.8,C
GP5,2022,oct,-82.696,26.596,2.79,A
GP5,2022,oct,-82.696,26.596,2.79,B
GP5,2022,oct,-82.696,26.596,2.79,C
BG4,2022,oct,-82.556,26.631,2.4,A
BG4,2022,oct,-82.556,26.631,2.4,B
BG2,2022,oct,-82.340,26.686,2.5,A
BG2,2022,oct,-82.340,26.686,2.5,B
BG2,2022,oct,-82.340,26.686,2.5,C
V2,2022,oct,-82.546,27.074,2.158,A
V2,2022,oct,-82.546,27.074,2.158,B
V2,2022,oct,-82.546,27.074,2.158,C
V5,2022,oct,-82.750,26.960,2.3,A
V5,2022,oct,-82.750,26.960,2.3,B
V5,2022,oct,-82.750,26.960,2.3,C
V8,2022,oct,-82.958,-26.831,2.45,A
V8,2022,oct,-82.958,-26.831,2.45,B
V8,2022,oct,-82.958,-26.831,2.45,C
V9,2022,oct,-83.105,26.729,2.08,A
V9,2022,oct,-83.105,26.729,2.08,B
V9,2022,oct,-83.105,26.729,2.08,C
AMI9,2022,oct,-83.503,27.190,2.68,A
AMI9,2022,oct,-83.503,27.190,2.68,B
AMI9,2022,oct,-83.503,27.190,2.68,C
AMI5,2022,oct,-83.128,27.343,2.6,A
AMI5,2022,oct,-83.128,27.343,2.6,B
AMI5,2022,oct,-83.128,27.343,2.6,C
AMI2,2022,oct,-82.847,27.459,2.4,A
AMI2,2022,oct,-82.847,27.459,2.4,B
AMI2,2022,oct,-82.847,27.459,2.4,C
TB1,2022,oct,-83.882,27.801,2.1,A
TB1,2022,oct,-83.882,27.801,2.1,B
TB1,2022,oct,-83.882,27.801,2.1,C
TB4,2022,oct,-83.133,27.619,2.5,A
TB4,2022,oct,-83.133,27.619,2.5,B
TB4,2022,oct,-83.133,27.619,2.5,C
TB10,2022,oct,-83.487,27.614,3.01,A
TB10,2022,oct,-83.487,27.614,3.01,B
TB10,2022,oct,-83.487,27.614,3.01,C
CAL6,2022,oct,-82.480,25.940,2.6,A
CAL6,2022,oct,-82.480,25.940,2.6,B
CAL6,2022,oct,-82.480,25.940,2.6,C
41,2022,oct,-81.575,25.733,2.2,A
41,2022,oct,-81.575,25.733,2.2,B
41,2022,oct,-81.575,25.733,2.2,C
45,2022,oct,-81.471,25.584,2.4,A
45,2022,oct,-81.471,25.584,2.4,B
45,2022,oct,-81.471,25.584,2.4,C
51,2022,oct,-81.308,25.453,2.2,A
51,2022,oct,-81.308,25.453,2.2,B
51,2022,oct,-81.308,25.453,2.2,C
58,2022,oct,-81.653,25.167,3,A
58,2022,oct,-81.653,25.167,3,B
58,2022,oct,-81.653,25.167,3,C
57.3,2022,oct,-81.653,25.352,2.83,A
57.3,2022,oct,-81.653,25.352,2.83,B
57.3,2022,oct,-81.653,25.352,2.83,C
54,2022,oct,-81.153,25.345,2.7,A
54,2022,oct,-81.153,25.345,2.7,B
54,2022,oct,-81.153,25.345,2.7,C
57,2022,oct,-81.265,25.352,3.2,A
57,2022,oct,-81.265,25.352,3.2,B
57,2022,oct,-81.265,25.352,3.2,C
64,2022,oct,-81.157,25.167,2.1,A
64,2022,oct,-81.157,25.167,2.1,B
64,2022,oct,-81.157,25.167,2.1,C
68,2022,oct,-81.167,24.930,1.9,A
68,2022,oct,-81.167,24.930,1.9,B
68,2022,oct,-81.167,24.930,1.9,C